image_path,timepoint,group,subject_id,slice_idx,has_label,mask_path,mask_valid
1 Week/Combined/Combined 1/Slice 18.png,1 Week,Combined,Combined 1,18,False,,False
1 Week/Combined/Combined 1/Slice 19.png,1 Week,Combined,Combined 1,19,True,data/masks_raw/Combined_1_Slice19_mask.png,True
1 Week/Combined/Combined 1/Slice 20.png,1 Week,Combined,Combined 1,20,False,,False
1 Week/Combined/Combined 1/Slice 21.png,1 Week,Combined,Combined 1,21,False,,False
1 Week/Combined/Combined 1/Slice 22.png,1 Week,Combined,Combined 1,22,False,,False
1 Week/Combined/Combined 1/Slice 23.png,1 Week,Combined,Combined 1,23,False,,False
1 Week/Combined/Combined 2/Slice 19.png,1 Week,Combined,Combined 2,19,False,,False
1 Week/Combined/Combined 2/Slice 20.png,1 Week,Combined,Combined 2,20,False,,False
1 Week/Combined/Combined 2/Slice 21.png,1 Week,Combined,Combined 2,21,False,,False
1 Week/Combined/Combined 2/Slice 22.png,1 Week,Combined,Combined 2,22,False,,False
1 Week/Combined/Combined 2/Slice 23.png,1 Week,Combined,Combined 2,23,False,,False
1 Week/Combined/Combined 2/Slice 24.png,1 Week,Combined,Combined 2,24,False,,False
1 Week/Combined/Combined 3/Slice 19.png,1 Week,Combined,Combined 3,19,False,,False
1 Week/Combined/Combined 3/Slice 20.png,1 Week,Combined,Combined 3,20,False,,False
1 Week/Combined/Combined 3/Slice 21.png,1 Week,Combined,Combined 3,21,False,,False
1 Week/Combined/Combined 3/Slice 22.png,1 Week,Combined,Combined 3,22,False,,False
1 Week/Combined/Combined 3/Slice 23.png,1 Week,Combined,Combined 3,23,False,,False
1 Week/Combined/Combined 4/Slice 19.png,1 Week,Combined,Combined 4,19,False,,False
1 Week/Combined/Combined 4/Slice 20.png,1 Week,Combined,Combined 4,20,False,,False
1 Week/Combined/Combined 4/Slice 21.png,1 Week,Combined,Combined 4,21,False,,False
1 Week/Combined/Combined 4/Slice 22.png,1 Week,Combined,Combined 4,22,False,,False
1 Week/Combined/Combined 4/Slice 23.png,1 Week,Combined,Combined 4,23,False,,False
1 Week/Combined/Combined 5/Slice 19.png,1 Week,Combined,Combined 5,19,False,,False
1 Week/Combined/Combined 5/Slice 20.png,1 Week,Combined,Combined 5,20,False,,False
1 Week/Combined/Combined 5/Slice 21.png,1 Week,Combined,Combined 5,21,False,,False
1 Week/Combined/Combined 5/Slice 22.png,1 Week,Combined,Combined 5,22,False,,False
1 Week/Combined/Combined 5/Slice 23.png,1 Week,Combined,Combined 5,23,False,,False
1 Week/Combined/Combined 6/Slice 17.png,1 Week,Combined,Combined 6,17,False,,False
1 Week/Combined/Combined 6/Slice 18.png,1 Week,Combined,Combined 6,18,False,,False
1 Week/Combined/Combined 6/Slice 19.png,1 Week,Combined,Combined 6,19,False,,False
1 Week/Combined/Combined 6/Slice 20.png,1 Week,Combined,Combined 6,20,False,,False
1 Week/Combined/Combined 6/Slice 21.png,1 Week,Combined,Combined 6,21,False,,False
1 Week/Combined/Combined 7/Slicce 22.png,1 Week,Combined,Combined 7,22,False,,False
1 Week/Combined/Combined 7/Slice 17.png,1 Week,Combined,Combined 7,17,False,,False
1 Week/Combined/Combined 7/Slice 18.png,1 Week,Combined,Combined 7,18,False,,False
1 Week/Combined/Combined 7/Slice 19.png,1 Week,Combined,Combined 7,19,False,,False
1 Week/Combined/Combined 7/Slice 20.png,1 Week,Combined,Combined 7,20,False,,False
1 Week/Combined/Combined 7/Slice 21.png,1 Week,Combined,Combined 7,21,False,,False
1 Week/Combined/Combined 8/Slice  22.png,1 Week,Combined,Combined 8,22,False,,False
1 Week/Combined/Combined 8/Slice 17.png,1 Week,Combined,Combined 8,17,False,,False
1 Week/Combined/Combined 8/Slice 18.png,1 Week,Combined,Combined 8,18,False,,False
1 Week/Combined/Combined 8/Slice 19.png,1 Week,Combined,Combined 8,19,False,,False
1 Week/Combined/Combined 8/Slice 20.png,1 Week,Combined,Combined 8,20,False,,False
1 Week/Combined/Combined 8/Slice 21.png,1 Week,Combined,Combined 8,21,False,,False
1 Week/Control/Control 2/Slice 18.png,1 Week,Control,Control 2,18,False,,False
1 Week/Control/Control 2/Slice 19.png,1 Week,Control,Control 2,19,False,,False
1 Week/Control/Control 2/Slice 20.png,1 Week,Control,Control 2,20,False,,False
1 Week/Control/Control 2/Slice 21.png,1 Week,Control,Control 2,21,False,,False
1 Week/Control/Control 2/Slice 22.png,1 Week,Control,Control 2,22,False,,False
1 Week/Control/Control 3/Slice 16.png,1 Week,Control,Control 3,16,False,,False
1 Week/Control/Control 3/Slice 17.png,1 Week,Control,Control 3,17,False,,False
1 Week/Control/Control 3/Slice 18.png,1 Week,Control,Control 3,18,False,,False
1 Week/Control/Control 3/Slice 19.png,1 Week,Control,Control 3,19,False,,False
1 Week/Control/Control 3/Slice 20.png,1 Week,Control,Control 3,20,False,,False
1 Week/Control/Control 3/Slice 21.png,1 Week,Control,Control 3,21,False,,False
1 Week/Control/Control 3/Slice 22.png,1 Week,Control,Control 3,22,False,,False
1 Week/Control/Control 4/Slice 16.png,1 Week,Control,Control 4,16,False,,False
1 Week/Control/Control 4/Slice 17.png,1 Week,Control,Control 4,17,False,,False
1 Week/Control/Control 4/Slice 18.png,1 Week,Control,Control 4,18,False,,False
1 Week/Control/Control 4/Slice 19.png,1 Week,Control,Control 4,19,False,,False
1 Week/Control/Control 4/Slice 20.png,1 Week,Control,Control 4,20,False,,False
1 Week/Control/Control 4/Slice 21.png,1 Week,Control,Control 4,21,False,,False
1 Week/Control/Control 4/Slice 22.png,1 Week,Control,Control 4,22,False,,False
1 Week/Control/Control 5/Slice 14.png,1 Week,Control,Control 5,14,False,,False
1 Week/Control/Control 5/Slice 15.png,1 Week,Control,Control 5,15,False,,False
1 Week/Control/Control 5/Slice 16.png,1 Week,Control,Control 5,16,False,,False
1 Week/Control/Control 5/Slice 17.png,1 Week,Control,Control 5,17,False,,False
1 Week/Control/Control 5/Slice 18.png,1 Week,Control,Control 5,18,False,,False
1 Week/Control/Control 5/Slice 19.png,1 Week,Control,Control 5,19,False,,False
1 Week/Control/Control 5/Slice 20.png,1 Week,Control,Control 5,20,False,,False
1 Week/Control/Control 6/Slice 16.png,1 Week,Control,Control 6,16,False,,False
1 Week/Control/Control 6/Slice 17.png,1 Week,Control,Control 6,17,False,,False
1 Week/Control/Control 6/Slice 18.png,1 Week,Control,Control 6,18,False,,False
1 Week/Control/Control 6/Slice 19.png,1 Week,Control,Control 6,19,False,,False
1 Week/Control/Control 6/Slice 20.png,1 Week,Control,Control 6,20,False,,False
1 Week/Control/Control 6/Slice 21.png,1 Week,Control,Control 6,21,False,,False
1 Week/Control/Control 6/Slice 22.png,1 Week,Control,Control 6,22,False,,False
1 Week/Control/Control 7/Slice 17.png,1 Week,Control,Control 7,17,False,,False
1 Week/Control/Control 7/Slice 18.png,1 Week,Control,Control 7,18,False,,False
1 Week/Control/Control 7/Slice 19.png,1 Week,Control,Control 7,19,False,,False
1 Week/Control/Control 7/Slice 20.png,1 Week,Control,Control 7,20,False,,False
1 Week/Control/Control 7/Slice 21.png,1 Week,Control,Control 7,21,False,,False
1 Week/Control/Control 7/Slice 22.png,1 Week,Control,Control 7,22,False,,False
1 Week/Control/Control 7/Slice 23.png,1 Week,Control,Control 7,23,False,,False
1 Week/Control/Control 7/Slice 24.png,1 Week,Control,Control 7,24,False,,False
1 Week/Control/Control 8/Slice 16.png,1 Week,Control,Control 8,16,False,,False
1 Week/Control/Control 8/Slice 17.png,1 Week,Control,Control 8,17,False,,False
1 Week/Control/Control 8/Slice 18.png,1 Week,Control,Control 8,18,False,,False
1 Week/Control/Control 8/Slice 19.png,1 Week,Control,Control 8,19,False,,False
1 Week/Control/Control 8/Slice 20.png,1 Week,Control,Control 8,20,False,,False
1 Week/Control/Control 8/Slice 21.png,1 Week,Control,Control 8,21,False,,False
1 Week/Control/Control 8/Slice 22.png,1 Week,Control,Control 8,22,False,,False
1 Week/Control/Control 9/Slice 19.png,1 Week,Control,Control 9,19,False,,False
1 Week/Control/Control 9/Slice 20.png,1 Week,Control,Control 9,20,False,,False
1 Week/Control/Control 9/Slice 21.png,1 Week,Control,Control 9,21,False,,False
1 Week/Control/Control 9/Slice 22.png,1 Week,Control,Control 9,22,False,,False
1 Week/Control/Control 9/Slice 23.png,1 Week,Control,Control 9,23,False,,False
1 Week/GOT/GOT 10/Slice 15.png,1 Week,GOT,GOT 10,15,False,,False
1 Week/GOT/GOT 10/Slice 16.png,1 Week,GOT,GOT 10,16,False,,False
1 Week/GOT/GOT 10/Slice 17.png,1 Week,GOT,GOT 10,17,False,,False
1 Week/GOT/GOT 10/Slice 18.png,1 Week,GOT,GOT 10,18,False,,False
1 Week/GOT/GOT 10/Slice 19.png,1 Week,GOT,GOT 10,19,False,,False
1 Week/GOT/GOT 10/Slice 20.png,1 Week,GOT,GOT 10,20,False,,False
1 Week/GOT/GOT 10/Slice 21.png,1 Week,GOT,GOT 10,21,False,,False
1 Week/GOT/GOT 10/Slice 22.png,1 Week,GOT,GOT 10,22,False,,False
1 Week/GOT/GOT 11/Slice 18.png,1 Week,GOT,GOT 11,18,False,,False
1 Week/GOT/GOT 11/Slice 19.png,1 Week,GOT,GOT 11,19,False,,False
1 Week/GOT/GOT 11/Slice 20.png,1 Week,GOT,GOT 11,20,False,,False
1 Week/GOT/GOT 11/Slice 21.png,1 Week,GOT,GOT 11,21,False,,False
1 Week/GOT/GOT 11/Slice 22.png,1 Week,GOT,GOT 11,22,False,,False
1 Week/GOT/GOT 11/Slice 23.png,1 Week,GOT,GOT 11,23,False,,False
1 Week/GOT/GOT 11/Slice 24.png,1 Week,GOT,GOT 11,24,False,,False
1 Week/GOT/GOT 12/Slice 14.png,1 Week,GOT,GOT 12,14,False,,False
1 Week/GOT/GOT 12/Slice 15.png,1 Week,GOT,GOT 12,15,False,,False
1 Week/GOT/GOT 12/Slice 16.png,1 Week,GOT,GOT 12,16,False,,False
1 Week/GOT/GOT 12/Slice 17.png,1 Week,GOT,GOT 12,17,False,,False
1 Week/GOT/GOT 12/Slice 18.png,1 Week,GOT,GOT 12,18,False,,False
1 Week/GOT/GOT 12/Slice 19.png,1 Week,GOT,GOT 12,19,False,,False
1 Week/GOT/GOT 12/Slice 20.png,1 Week,GOT,GOT 12,20,False,,False
1 Week/GOT/GOT 3/Slice 14.png,1 Week,GOT,GOT 3,14,False,,False
1 Week/GOT/GOT 3/Slice 15.png,1 Week,GOT,GOT 3,15,False,,False
1 Week/GOT/GOT 3/Slice 16.png,1 Week,GOT,GOT 3,16,False,,False
1 Week/GOT/GOT 3/Slice 17.png,1 Week,GOT,GOT 3,17,False,,False
1 Week/GOT/GOT 3/Slice 18.png,1 Week,GOT,GOT 3,18,False,,False
1 Week/GOT/GOT 3/Slice 19.png,1 Week,GOT,GOT 3,19,False,,False
1 Week/GOT/GOT 3/Slice 20.png,1 Week,GOT,GOT 3,20,False,,False
1 Week/GOT/GOT 4/Slice 15.png,1 Week,GOT,GOT 4,15,False,,False
1 Week/GOT/GOT 4/Slice 16.png,1 Week,GOT,GOT 4,16,False,,False
1 Week/GOT/GOT 4/Slice 17.png,1 Week,GOT,GOT 4,17,False,,False
1 Week/GOT/GOT 4/Slice 18.png,1 Week,GOT,GOT 4,18,False,,False
1 Week/GOT/GOT 4/Slice 19.png,1 Week,GOT,GOT 4,19,False,,False
1 Week/GOT/GOT 4/Slice 20.png,1 Week,GOT,GOT 4,20,False,,False
1 Week/GOT/GOT 4/Slice 21.png,1 Week,GOT,GOT 4,21,False,,False
1 Week/GOT/GOT 4/Slice 22.png,1 Week,GOT,GOT 4,22,False,,False
1 Week/GOT/GOT 7/Slice 17.png,1 Week,GOT,GOT 7,17,False,,False
1 Week/GOT/GOT 7/Slice 18.png,1 Week,GOT,GOT 7,18,False,,False
1 Week/GOT/GOT 7/Slice 19.png,1 Week,GOT,GOT 7,19,False,,False
1 Week/GOT/GOT 7/Slice 20.png,1 Week,GOT,GOT 7,20,False,,False
1 Week/GOT/GOT 7/Slice 21.png,1 Week,GOT,GOT 7,21,False,,False
1 Week/GOT/GOT 7/Slice 22.png,1 Week,GOT,GOT 7,22,False,,False
1 Week/GOT/GOT 7/Slice 23.png,1 Week,GOT,GOT 7,23,False,,False
1 Week/GOT/GOT 7/Slice 24.png,1 Week,GOT,GOT 7,24,False,,False
1 Week/GOT/GOT 8/Slice 15.png,1 Week,GOT,GOT 8,15,False,,False
1 Week/GOT/GOT 8/Slice 16.png,1 Week,GOT,GOT 8,16,False,,False
1 Week/GOT/GOT 8/Slice 17.png,1 Week,GOT,GOT 8,17,False,,False
1 Week/GOT/GOT 8/Slice 18.png,1 Week,GOT,GOT 8,18,False,,False
1 Week/GOT/GOT 8/Slice 19.png,1 Week,GOT,GOT 8,19,False,,False
1 Week/GOT/GOT 8/Slice 20.png,1 Week,GOT,GOT 8,20,False,,False
1 Week/GOT/GOT 8/Slice 21.png,1 Week,GOT,GOT 8,21,False,,False
1 Week/GOT/GOT 8/Slice 22.png,1 Week,GOT,GOT 8,22,False,,False
1 Week/GOT/GOT 9/Slice 16.png,1 Week,GOT,GOT 9,16,False,,False
1 Week/GOT/GOT 9/Slice 17.png,1 Week,GOT,GOT 9,17,False,,False
1 Week/GOT/GOT 9/Slice 18.png,1 Week,GOT,GOT 9,18,False,,False
1 Week/GOT/GOT 9/Slice 19.png,1 Week,GOT,GOT 9,19,False,,False
1 Week/GOT/GOT 9/Slice 20.png,1 Week,GOT,GOT 9,20,False,,False
1 Week/GOT/GOT 9/Slice 21.png,1 Week,GOT,GOT 9,21,False,,False
1 Week/GOT/GOT 9/Slice 22.png,1 Week,GOT,GOT 9,22,False,,False
1 Week/GPT/GPT 1/Slice 17.png,1 Week,GPT,GPT 1,17,False,,False
1 Week/GPT/GPT 1/Slice 18.png,1 Week,GPT,GPT 1,18,False,,False
1 Week/GPT/GPT 1/Slice 19.png,1 Week,GPT,GPT 1,19,False,,False
1 Week/GPT/GPT 1/Slice 20.png,1 Week,GPT,GPT 1,20,False,,False
1 Week/GPT/GPT 1/Slice 21.png,1 Week,GPT,GPT 1,21,False,,False
1 Week/GPT/GPT 1/Slice 22.png,1 Week,GPT,GPT 1,22,False,,False
1 Week/GPT/GPT 1/Slice 23.png,1 Week,GPT,GPT 1,23,False,,False
1 Week/GPT/GPT 13/Slice 19.png,1 Week,GPT,GPT 13,19,False,,False
1 Week/GPT/GPT 13/Slice 20.png,1 Week,GPT,GPT 13,20,False,,False
1 Week/GPT/GPT 13/Slice 21.png,1 Week,GPT,GPT 13,21,False,,False
1 Week/GPT/GPT 13/Slice 22.png,1 Week,GPT,GPT 13,22,False,,False
1 Week/GPT/GPT 13/Slice 23.png,1 Week,GPT,GPT 13,23,False,,False
1 Week/GPT/GPT 14/Slice 17.png,1 Week,GPT,GPT 14,17,False,,False
1 Week/GPT/GPT 14/Slice 18.png,1 Week,GPT,GPT 14,18,False,,False
1 Week/GPT/GPT 14/Slice 19.png,1 Week,GPT,GPT 14,19,False,,False
1 Week/GPT/GPT 14/Slice 20.png,1 Week,GPT,GPT 14,20,False,,False
1 Week/GPT/GPT 14/Slice 21.png,1 Week,GPT,GPT 14,21,False,,False
1 Week/GPT/GPT 14/Slice 22.png,1 Week,GPT,GPT 14,22,False,,False
1 Week/GPT/GPT 15/Slice 17.png,1 Week,GPT,GPT 15,17,False,,False
1 Week/GPT/GPT 15/Slice 18.png,1 Week,GPT,GPT 15,18,False,,False
1 Week/GPT/GPT 15/Slice 19.png,1 Week,GPT,GPT 15,19,False,,False
1 Week/GPT/GPT 15/Slice 20.png,1 Week,GPT,GPT 15,20,False,,False
1 Week/GPT/GPT 15/Slice 21.png,1 Week,GPT,GPT 15,21,False,,False
1 Week/GPT/GPT 15/Slice 22.png,1 Week,GPT,GPT 15,22,False,,False
1 Week/GPT/GPT 15/Slice 23.png,1 Week,GPT,GPT 15,23,False,,False
1 Week/GPT/GPT 16/Slice 19.png,1 Week,GPT,GPT 16,19,False,,False
1 Week/GPT/GPT 16/Slice 20.png,1 Week,GPT,GPT 16,20,False,,False
1 Week/GPT/GPT 16/Slice 21.png,1 Week,GPT,GPT 16,21,False,,False
1 Week/GPT/GPT 16/Slice 22.png,1 Week,GPT,GPT 16,22,False,,False
1 Week/GPT/GPT 16/Slice 23.png,1 Week,GPT,GPT 16,23,False,,False
1 Week/GPT/GPT 2/Slice 14.png,1 Week,GPT,GPT 2,14,False,,False
1 Week/GPT/GPT 2/Slice 15.png,1 Week,GPT,GPT 2,15,False,,False
1 Week/GPT/GPT 2/Slice 16.png,1 Week,GPT,GPT 2,16,False,,False
1 Week/GPT/GPT 2/Slice 17.png,1 Week,GPT,GPT 2,17,False,,False
1 Week/GPT/GPT 2/Slice 18.png,1 Week,GPT,GPT 2,18,False,,False
1 Week/GPT/GPT 2/Slice 19.png,1 Week,GPT,GPT 2,19,False,,False
1 Week/GPT/GPT 2/Slice 20.png,1 Week,GPT,GPT 2,20,False,,False
1 Week/GPT/GPT 2/Slice 21.png,1 Week,GPT,GPT 2,21,False,,False
1 Week/GPT/GPT 2/Slice 22.png,1 Week,GPT,GPT 2,22,False,,False
1 Week/GPT/GPT 5/Slice 15.png,1 Week,GPT,GPT 5,15,False,,False
1 Week/GPT/GPT 5/Slice 16.png,1 Week,GPT,GPT 5,16,False,,False
1 Week/GPT/GPT 5/Slice 17.png,1 Week,GPT,GPT 5,17,False,,False
1 Week/GPT/GPT 5/Slice 18.png,1 Week,GPT,GPT 5,18,False,,False
1 Week/GPT/GPT 5/Slice 19.png,1 Week,GPT,GPT 5,19,False,,False
1 Week/GPT/GPT 5/Slice 20.png,1 Week,GPT,GPT 5,20,False,,False
1 Week/GPT/GPT 5/Slice 21.png,1 Week,GPT,GPT 5,21,False,,False
1 Week/GPT/GPT 6/Slice 18.png,1 Week,GPT,GPT 6,18,False,,False
1 Week/GPT/GPT 6/Slice 19.png,1 Week,GPT,GPT 6,19,False,,False
1 Week/GPT/GPT 6/Slice 20.png,1 Week,GPT,GPT 6,20,False,,False
1 Week/GPT/GPT 6/Slice 21.png,1 Week,GPT,GPT 6,21,False,,False
1 Week/GPT/GPT 6/Slice 22.png,1 Week,GPT,GPT 6,22,False,,False
1 Week/GPT/GPT 6/Slice 23.png,1 Week,GPT,GPT 6,23,False,,False
1 Week/GPT/GPT 6/Slice 24.png,1 Week,GPT,GPT 6,24,False,,False
24 Hours/Combined/Combined 1/Slice 17.png,24 Hours,Combined,Combined 1,17,False,,False
24 Hours/Combined/Combined 1/Slice 18.png,24 Hours,Combined,Combined 1,18,False,,False
24 Hours/Combined/Combined 1/Slice 19.png,24 Hours,Combined,Combined 1,19,False,,False
24 Hours/Combined/Combined 1/Slice 20.png,24 Hours,Combined,Combined 1,20,False,,False
24 Hours/Combined/Combined 1/Slice 21.png,24 Hours,Combined,Combined 1,21,False,,False
24 Hours/Combined/Combined 1/Slice 22.png,24 Hours,Combined,Combined 1,22,False,,False
24 Hours/Combined/Combined 2/Slice 18.png,24 Hours,Combined,Combined 2,18,False,,False
24 Hours/Combined/Combined 2/Slice 19.png,24 Hours,Combined,Combined 2,19,False,,False
24 Hours/Combined/Combined 2/Slice 20.png,24 Hours,Combined,Combined 2,20,False,,False
24 Hours/Combined/Combined 2/Slice 21.png,24 Hours,Combined,Combined 2,21,False,,False
24 Hours/Combined/Combined 2/Slice 22.png,24 Hours,Combined,Combined 2,22,False,,False
24 Hours/Combined/Combined 2/Slice 23.png,24 Hours,Combined,Combined 2,23,False,,False
24 Hours/Combined/Combined 2/Slice 24.png,24 Hours,Combined,Combined 2,24,False,,False
24 Hours/Combined/Combined 3/Slice 18.png,24 Hours,Combined,Combined 3,18,False,,False
24 Hours/Combined/Combined 3/Slice 19.png,24 Hours,Combined,Combined 3,19,False,,False
24 Hours/Combined/Combined 3/Slice 20.png,24 Hours,Combined,Combined 3,20,False,,False
24 Hours/Combined/Combined 3/Slice 21.png,24 Hours,Combined,Combined 3,21,False,,False
24 Hours/Combined/Combined 3/Slice 22.png,24 Hours,Combined,Combined 3,22,False,,False
24 Hours/Combined/Combined 3/Slice 23.png,24 Hours,Combined,Combined 3,23,False,,False
24 Hours/Combined/Combined 3/Slice 24.png,24 Hours,Combined,Combined 3,24,False,,False
24 Hours/Combined/Combined 3/Slice 25.png,24 Hours,Combined,Combined 3,25,False,,False
24 Hours/Combined/Combined 4/Slice  18.png,24 Hours,Combined,Combined 4,18,False,,False
24 Hours/Combined/Combined 4/Slice 17.png,24 Hours,Combined,Combined 4,17,False,,False
24 Hours/Combined/Combined 4/Slice 19.png,24 Hours,Combined,Combined 4,19,False,,False
24 Hours/Combined/Combined 4/Slice 20.png,24 Hours,Combined,Combined 4,20,False,,False
24 Hours/Combined/Combined 4/Slice 21.png,24 Hours,Combined,Combined 4,21,False,,False
24 Hours/Combined/Combined 4/Slice 22.png,24 Hours,Combined,Combined 4,22,False,,False
24 Hours/Combined/Combined 4/Slice 23.png,24 Hours,Combined,Combined 4,23,False,,False
24 Hours/Combined/Combined 5/Slice 17.png,24 Hours,Combined,Combined 5,17,False,,False
24 Hours/Combined/Combined 5/Slice 18.png,24 Hours,Combined,Combined 5,18,False,,False
24 Hours/Combined/Combined 5/Slice 19.png,24 Hours,Combined,Combined 5,19,False,,False
24 Hours/Combined/Combined 5/Slice 20.png,24 Hours,Combined,Combined 5,20,False,,False
24 Hours/Combined/Combined 5/Slice 21.png,24 Hours,Combined,Combined 5,21,False,,False
24 Hours/Combined/Combined 5/Slice 22.png,24 Hours,Combined,Combined 5,22,False,,False
24 Hours/Combined/Combined 5/Slice 23.png,24 Hours,Combined,Combined 5,23,False,,False
24 Hours/Combined/Combined 6/Slice 17.png,24 Hours,Combined,Combined 6,17,False,,False
24 Hours/Combined/Combined 6/Slice 18.png,24 Hours,Combined,Combined 6,18,False,,False
24 Hours/Combined/Combined 6/Slice 19.png,24 Hours,Combined,Combined 6,19,False,,False
24 Hours/Combined/Combined 6/Slice 20.png,24 Hours,Combined,Combined 6,20,False,,False
24 Hours/Combined/Combined 6/Slice 21.png,24 Hours,Combined,Combined 6,21,False,,False
24 Hours/Combined/Combined 6/Slice 22.png,24 Hours,Combined,Combined 6,22,False,,False
24 Hours/Combined/Combined 6/Slice 23.png,24 Hours,Combined,Combined 6,23,False,,False
24 Hours/Combined/Combined 7/Slice 18.png,24 Hours,Combined,Combined 7,18,False,,False
24 Hours/Combined/Combined 7/Slice 19.png,24 Hours,Combined,Combined 7,19,False,,False
24 Hours/Combined/Combined 7/Slice 20.png,24 Hours,Combined,Combined 7,20,False,,False
24 Hours/Combined/Combined 7/Slice 21.png,24 Hours,Combined,Combined 7,21,False,,False
24 Hours/Combined/Combined 7/Slice 22.png,24 Hours,Combined,Combined 7,22,False,,False
24 Hours/Combined/Combined 7/Slice 23.png,24 Hours,Combined,Combined 7,23,False,,False
24 Hours/Combined/Combined 7/Slice 24.png,24 Hours,Combined,Combined 7,24,False,,False
24 Hours/Combined/Combined 8/Slice 17.png,24 Hours,Combined,Combined 8,17,False,,False
24 Hours/Combined/Combined 8/Slice 18.png,24 Hours,Combined,Combined 8,18,False,,False
24 Hours/Combined/Combined 8/Slice 19.png,24 Hours,Combined,Combined 8,19,False,,False
24 Hours/Combined/Combined 8/Slice 20.png,24 Hours,Combined,Combined 8,20,False,,False
24 Hours/Combined/Combined 8/Slice 21.png,24 Hours,Combined,Combined 8,21,False,,False
24 Hours/Combined/Combined 8/Slice 22.png,24 Hours,Combined,Combined 8,22,False,,False
24 Hours/Control/Control 1/Slice 18.png,24 Hours,Control,Control 1,18,False,,False
24 Hours/Control/Control 1/Slice 19.png,24 Hours,Control,Control 1,19,False,,False
24 Hours/Control/Control 1/Slice 20.png,24 Hours,Control,Control 1,20,False,,False
24 Hours/Control/Control 1/Slice 21.png,24 Hours,Control,Control 1,21,False,,False
24 Hours/Control/Control 1/Slice 22.png,24 Hours,Control,Control 1,22,False,,False
24 Hours/Control/Control 1/Slice 23.png,24 Hours,Control,Control 1,23,False,,False
24 Hours/Control/Control 1/Slice 24.png,24 Hours,Control,Control 1,24,False,,False
24 Hours/Control/Control 1/Slice 25.png,24 Hours,Control,Control 1,25,False,,False
24 Hours/Control/Control 2/Slice 18.png,24 Hours,Control,Control 2,18,False,,False
24 Hours/Control/Control 2/Slice 20.png,24 Hours,Control,Control 2,20,False,,False
24 Hours/Control/Control 2/Slice 21.png,24 Hours,Control,Control 2,21,False,,False
24 Hours/Control/Control 2/Slice 22.png,24 Hours,Control,Control 2,22,False,,False
24 Hours/Control/Control 2/Slice 23.png,24 Hours,Control,Control 2,23,False,,False
24 Hours/Control/Control 2/Slice 24.png,24 Hours,Control,Control 2,24,False,,False
24 Hours/Control/Control 2/Slice19.png,24 Hours,Control,Control 2,19,False,,False
24 Hours/Control/Control 3/Slice 17.png,24 Hours,Control,Control 3,17,False,,False
24 Hours/Control/Control 3/Slice 18.png,24 Hours,Control,Control 3,18,False,,False
24 Hours/Control/Control 3/Slice 19.png,24 Hours,Control,Control 3,19,False,,False
24 Hours/Control/Control 3/Slice 20.png,24 Hours,Control,Control 3,20,False,,False
24 Hours/Control/Control 3/Slice 21.png,24 Hours,Control,Control 3,21,False,,False
24 Hours/Control/Control 3/Slice 22.png,24 Hours,Control,Control 3,22,False,,False
24 Hours/Control/Control 3/Slice 23.png,24 Hours,Control,Control 3,23,False,,False
24 Hours/Control/Control 3/Slice 24.png,24 Hours,Control,Control 3,24,False,,False
24 Hours/Control/Control 4/Slice 15.png,24 Hours,Control,Control 4,15,False,,False
24 Hours/Control/Control 4/Slice 16.png,24 Hours,Control,Control 4,16,False,,False
24 Hours/Control/Control 4/Slice 17.png,24 Hours,Control,Control 4,17,False,,False
24 Hours/Control/Control 4/Slice 18.png,24 Hours,Control,Control 4,18,False,,False
24 Hours/Control/Control 4/Slice 19.png,24 Hours,Control,Control 4,19,False,,False
24 Hours/Control/Control 4/Slice 20.png,24 Hours,Control,Control 4,20,False,,False
24 Hours/Control/Control 4/Slice 21.png,24 Hours,Control,Control 4,21,False,,False
24 Hours/Control/Control 4/Slice 22.png,24 Hours,Control,Control 4,22,False,,False
24 Hours/Control/Control 5/Slice 15.png,24 Hours,Control,Control 5,15,False,,False
24 Hours/Control/Control 5/Slice 16.png,24 Hours,Control,Control 5,16,False,,False
24 Hours/Control/Control 5/Slice 17.png,24 Hours,Control,Control 5,17,False,,False
24 Hours/Control/Control 5/Slice 18 .png,24 Hours,Control,Control 5,18,False,,False
24 Hours/Control/Control 5/Slice 19.png,24 Hours,Control,Control 5,19,False,,False
24 Hours/Control/Control 5/Slide 20.png,24 Hours,Control,Control 5,20,False,,False
24 Hours/Control/Control 5/Slide 21.png,24 Hours,Control,Control 5,21,False,,False
24 Hours/Control/Control 6/Slice 13.png,24 Hours,Control,Control 6,13,False,,False
24 Hours/Control/Control 6/Slice 15.png,24 Hours,Control,Control 6,15,False,,False
24 Hours/Control/Control 6/Slice 16.png,24 Hours,Control,Control 6,16,False,,False
24 Hours/Control/Control 6/Slice 17.png,24 Hours,Control,Control 6,17,False,,False
24 Hours/Control/Control 6/Slice 18.png,24 Hours,Control,Control 6,18,False,,False
24 Hours/Control/Control 6/Slice 19.png,24 Hours,Control,Control 6,19,False,,False
24 Hours/Control/Control 6/Slice 20.png,24 Hours,Control,Control 6,20,False,,False
24 Hours/Control/Control 6/Slide 14.png,24 Hours,Control,Control 6,14,False,,False
24 Hours/Control/Control 7/Slice 18.png,24 Hours,Control,Control 7,18,False,,False
24 Hours/Control/Control 7/Slice 19.png,24 Hours,Control,Control 7,19,False,,False
24 Hours/Control/Control 7/Slice 20.png,24 Hours,Control,Control 7,20,False,,False
24 Hours/Control/Control 7/Slice 21.png,24 Hours,Control,Control 7,21,False,,False
24 Hours/Control/Control 7/Slice 22.png,24 Hours,Control,Control 7,22,False,,False
24 Hours/Control/Control 8/Slice 16.png,24 Hours,Control,Control 8,16,False,,False
24 Hours/Control/Control 8/Slice 17.png,24 Hours,Control,Control 8,17,False,,False
24 Hours/Control/Control 8/Slice 18.png,24 Hours,Control,Control 8,18,False,,False
24 Hours/Control/Control 8/Slice 19.png,24 Hours,Control,Control 8,19,False,,False
24 Hours/Control/Control 8/Slice 20.png,24 Hours,Control,Control 8,20,False,,False
24 Hours/Control/Control 8/Slice 21.png,24 Hours,Control,Control 8,21,False,,False
24 Hours/Control/Control 8/Slice 22.png,24 Hours,Control,Control 8,22,False,,False
24 Hours/Control/Control 8/Slice 23.png,24 Hours,Control,Control 8,23,False,,False
24 Hours/GOT/GOT 10/Slice 15.png,24 Hours,GOT,GOT 10,15,False,,False
24 Hours/GOT/GOT 10/Slice 16.png,24 Hours,GOT,GOT 10,16,False,,False
24 Hours/GOT/GOT 10/Slice 17.png,24 Hours,GOT,GOT 10,17,False,,False
24 Hours/GOT/GOT 10/Slice 18.png,24 Hours,GOT,GOT 10,18,False,,False
24 Hours/GOT/GOT 10/Slice 19.png,24 Hours,GOT,GOT 10,19,False,,False
24 Hours/GOT/GOT 10/Slice 20.png,24 Hours,GOT,GOT 10,20,False,,False
24 Hours/GOT/GOT 10/Slice 21.png,24 Hours,GOT,GOT 10,21,False,,False
24 Hours/GOT/GOT 10/Slice 22.png,24 Hours,GOT,GOT 10,22,False,,False
24 Hours/GOT/GOT 10/Slice 23.png,24 Hours,GOT,GOT 10,23,False,,False
24 Hours/GOT/GOT 11/Slice 17.png,24 Hours,GOT,GOT 11,17,False,,False
24 Hours/GOT/GOT 11/Slice 18.png,24 Hours,GOT,GOT 11,18,False,,False
24 Hours/GOT/GOT 11/Slice 19.png,24 Hours,GOT,GOT 11,19,False,,False
24 Hours/GOT/GOT 11/Slice 20.png,24 Hours,GOT,GOT 11,20,False,,False
24 Hours/GOT/GOT 11/Slice 21.png,24 Hours,GOT,GOT 11,21,False,,False
24 Hours/GOT/GOT 11/Slice 22.png,24 Hours,GOT,GOT 11,22,False,,False
24 Hours/GOT/GOT 11/Slice 23.png,24 Hours,GOT,GOT 11,23,False,,False
24 Hours/GOT/GOT 12/Slice 15.png,24 Hours,GOT,GOT 12,15,False,,False
24 Hours/GOT/GOT 12/Slice 16.png,24 Hours,GOT,GOT 12,16,False,,False
24 Hours/GOT/GOT 12/Slice 17.png,24 Hours,GOT,GOT 12,17,False,,False
24 Hours/GOT/GOT 12/Slice 18.png,24 Hours,GOT,GOT 12,18,False,,False
24 Hours/GOT/GOT 12/Slice 19.png,24 Hours,GOT,GOT 12,19,False,,False
24 Hours/GOT/GOT 12/Slice 20.png,24 Hours,GOT,GOT 12,20,False,,False
24 Hours/GOT/GOT 12/Slice 21.png,24 Hours,GOT,GOT 12,21,False,,False
24 Hours/GOT/GOT 12/Slice 22.png,24 Hours,GOT,GOT 12,22,False,,False
24 Hours/GOT/GOT 12/Slice 23.png,24 Hours,GOT,GOT 12,23,False,,False
24 Hours/GOT/GOT 3/Slice 15.png,24 Hours,GOT,GOT 3,15,False,,False
24 Hours/GOT/GOT 3/Slice 16.png,24 Hours,GOT,GOT 3,16,False,,False
24 Hours/GOT/GOT 3/Slice 17.png,24 Hours,GOT,GOT 3,17,False,,False
24 Hours/GOT/GOT 3/Slice 18.png,24 Hours,GOT,GOT 3,18,False,,False
24 Hours/GOT/GOT 3/Slice 19.png,24 Hours,GOT,GOT 3,19,False,,False
24 Hours/GOT/GOT 3/Slice 20.png,24 Hours,GOT,GOT 3,20,False,,False
24 Hours/GOT/GOT 3/Slice 21.png,24 Hours,GOT,GOT 3,21,False,,False
24 Hours/GOT/GOT 3/Slice 22.png,24 Hours,GOT,GOT 3,22,False,,False
24 Hours/GOT/GOT 4/Slice 16.png,24 Hours,GOT,GOT 4,16,False,,False
24 Hours/GOT/GOT 4/Slice 17.png,24 Hours,GOT,GOT 4,17,False,,False
24 Hours/GOT/GOT 4/Slice 18.png,24 Hours,GOT,GOT 4,18,False,,False
24 Hours/GOT/GOT 4/Slice 19.png,24 Hours,GOT,GOT 4,19,False,,False
24 Hours/GOT/GOT 4/Slice 20.png,24 Hours,GOT,GOT 4,20,False,,False
24 Hours/GOT/GOT 4/Slice 21.png,24 Hours,GOT,GOT 4,21,False,,False
24 Hours/GOT/GOT 7/Slice 14.png,24 Hours,GOT,GOT 7,14,False,,False
24 Hours/GOT/GOT 7/Slice 15.png,24 Hours,GOT,GOT 7,15,False,,False
24 Hours/GOT/GOT 7/Slice 16.png,24 Hours,GOT,GOT 7,16,False,,False
24 Hours/GOT/GOT 7/Slice 17.png,24 Hours,GOT,GOT 7,17,False,,False
24 Hours/GOT/GOT 7/Slice 18.png,24 Hours,GOT,GOT 7,18,False,,False
24 Hours/GOT/GOT 7/Slice 19.png,24 Hours,GOT,GOT 7,19,False,,False
24 Hours/GOT/GOT 7/Slice 20.png,24 Hours,GOT,GOT 7,20,False,,False
24 Hours/GOT/GOT 7/Slice 21.png,24 Hours,GOT,GOT 7,21,False,,False
24 Hours/GOT/GOT 7/Slice 22.png,24 Hours,GOT,GOT 7,22,False,,False
24 Hours/GOT/GOT 7/Slice 23.png,24 Hours,GOT,GOT 7,23,False,,False
24 Hours/GOT/GOT 8/Slice 15.png,24 Hours,GOT,GOT 8,15,False,,False
24 Hours/GOT/GOT 8/Slice 16.png,24 Hours,GOT,GOT 8,16,False,,False
24 Hours/GOT/GOT 8/Slice 17.png,24 Hours,GOT,GOT 8,17,False,,False
24 Hours/GOT/GOT 8/Slice 18.png,24 Hours,GOT,GOT 8,18,False,,False
24 Hours/GOT/GOT 8/Slice 19.png,24 Hours,GOT,GOT 8,19,False,,False
24 Hours/GOT/GOT 8/Slice 20.png,24 Hours,GOT,GOT 8,20,False,,False
24 Hours/GOT/GOT 8/Slice 21.png,24 Hours,GOT,GOT 8,21,False,,False
24 Hours/GOT/GOT 8/Slice 22.png,24 Hours,GOT,GOT 8,22,False,,False
24 Hours/GOT/GOT 9/Slice 14.png,24 Hours,GOT,GOT 9,14,False,,False
24 Hours/GOT/GOT 9/Slice 15.png,24 Hours,GOT,GOT 9,15,False,,False
24 Hours/GOT/GOT 9/Slice 16.png,24 Hours,GOT,GOT 9,16,False,,False
24 Hours/GOT/GOT 9/Slice 17.png,24 Hours,GOT,GOT 9,17,False,,False
24 Hours/GOT/GOT 9/Slice 18.png,24 Hours,GOT,GOT 9,18,False,,False
24 Hours/GOT/GOT 9/Slice 19.png,24 Hours,GOT,GOT 9,19,False,,False
24 Hours/GOT/GOT 9/Slice 20.png,24 Hours,GOT,GOT 9,20,False,,False
24 Hours/GOT/GOT 9/Slice 21.png,24 Hours,GOT,GOT 9,21,False,,False
24 Hours/GPT/GPT 1/Slice 18.png,24 Hours,GPT,GPT 1,18,False,,False
24 Hours/GPT/GPT 1/Slice 19.png,24 Hours,GPT,GPT 1,19,False,,False
24 Hours/GPT/GPT 1/Slice 20.png,24 Hours,GPT,GPT 1,20,False,,False
24 Hours/GPT/GPT 1/Slice 21.png,24 Hours,GPT,GPT 1,21,False,,False
24 Hours/GPT/GPT 1/Slice 22.png,24 Hours,GPT,GPT 1,22,False,,False
24 Hours/GPT/GPT 1/Slice 23.png,24 Hours,GPT,GPT 1,23,False,,False
24 Hours/GPT/GPT 1/Slide 17.png,24 Hours,GPT,GPT 1,17,False,,False
24 Hours/GPT/GPT 13/Slice 16.png,24 Hours,GPT,GPT 13,16,False,,False
24 Hours/GPT/GPT 13/Slice 17.png,24 Hours,GPT,GPT 13,17,False,,False
24 Hours/GPT/GPT 13/Slice 18.png,24 Hours,GPT,GPT 13,18,False,,False
24 Hours/GPT/GPT 13/Slice 19.png,24 Hours,GPT,GPT 13,19,False,,False
24 Hours/GPT/GPT 13/Slice 20.png,24 Hours,GPT,GPT 13,20,False,,False
24 Hours/GPT/GPT 13/Slice 21.png,24 Hours,GPT,GPT 13,21,False,,False
24 Hours/GPT/GPT 13/Slice 22.png,24 Hours,GPT,GPT 13,22,False,,False
24 Hours/GPT/GPT 14/Slice 15.png,24 Hours,GPT,GPT 14,15,False,,False
24 Hours/GPT/GPT 14/Slice 16.png,24 Hours,GPT,GPT 14,16,False,,False
24 Hours/GPT/GPT 14/Slice 17.png,24 Hours,GPT,GPT 14,17,False,,False
24 Hours/GPT/GPT 14/Slice 18.png,24 Hours,GPT,GPT 14,18,False,,False
24 Hours/GPT/GPT 14/Slice 19.png,24 Hours,GPT,GPT 14,19,False,,False
24 Hours/GPT/GPT 14/Slice 20.png,24 Hours,GPT,GPT 14,20,False,,False
24 Hours/GPT/GPT 14/Slice 21.png,24 Hours,GPT,GPT 14,21,False,,False
24 Hours/GPT/GPT 14/Slice 22.png,24 Hours,GPT,GPT 14,22,False,,False
24 Hours/GPT/GPT 15/Slice 17.png,24 Hours,GPT,GPT 15,17,False,,False
24 Hours/GPT/GPT 15/Slice 18.png,24 Hours,GPT,GPT 15,18,False,,False
24 Hours/GPT/GPT 15/Slice 19.png,24 Hours,GPT,GPT 15,19,False,,False
24 Hours/GPT/GPT 15/Slice 20.png,24 Hours,GPT,GPT 15,20,False,,False
24 Hours/GPT/GPT 15/Slice 21.png,24 Hours,GPT,GPT 15,21,False,,False
24 Hours/GPT/GPT 15/Slice 22.png,24 Hours,GPT,GPT 15,22,False,,False
24 Hours/GPT/GPT 15/Slice 23.png,24 Hours,GPT,GPT 15,23,False,,False
24 Hours/GPT/GPT 15/Slice 24.png,24 Hours,GPT,GPT 15,24,False,,False
24 Hours/GPT/GPT 16/Slice 17.png,24 Hours,GPT,GPT 16,17,False,,False
24 Hours/GPT/GPT 16/Slice 18.png,24 Hours,GPT,GPT 16,18,False,,False
24 Hours/GPT/GPT 16/Slice 19.png,24 Hours,GPT,GPT 16,19,False,,False
24 Hours/GPT/GPT 16/Slice 20.png,24 Hours,GPT,GPT 16,20,False,,False
24 Hours/GPT/GPT 16/Slice 21.png,24 Hours,GPT,GPT 16,21,False,,False
24 Hours/GPT/GPT 16/Slice 22.png,24 Hours,GPT,GPT 16,22,False,,False
24 Hours/GPT/GPT 16/Slice 23.png,24 Hours,GPT,GPT 16,23,False,,False
24 Hours/GPT/GPT 2/Slice 14.png,24 Hours,GPT,GPT 2,14,False,,False
24 Hours/GPT/GPT 2/Slice 15.png,24 Hours,GPT,GPT 2,15,False,,False
24 Hours/GPT/GPT 2/Slice 16.png,24 Hours,GPT,GPT 2,16,False,,False
24 Hours/GPT/GPT 2/Slice 17.png,24 Hours,GPT,GPT 2,17,False,,False
24 Hours/GPT/GPT 2/Slice 18.png,24 Hours,GPT,GPT 2,18,False,,False
24 Hours/GPT/GPT 2/Slice 19.png,24 Hours,GPT,GPT 2,19,False,,False
24 Hours/GPT/GPT 2/Slice 20.png,24 Hours,GPT,GPT 2,20,False,,False
24 Hours/GPT/GPT 2/Slice 21.png,24 Hours,GPT,GPT 2,21,False,,False
24 Hours/GPT/GPT 2/Slice 22.png,24 Hours,GPT,GPT 2,22,False,,False
24 Hours/GPT/GPT 5/Slice 17.png,24 Hours,GPT,GPT 5,17,False,,False
24 Hours/GPT/GPT 5/Slice 18.png,24 Hours,GPT,GPT 5,18,False,,False
24 Hours/GPT/GPT 5/Slice 19.png,24 Hours,GPT,GPT 5,19,False,,False
24 Hours/GPT/GPT 5/Slice 20.png,24 Hours,GPT,GPT 5,20,False,,False
24 Hours/GPT/GPT 5/Slice 21.png,24 Hours,GPT,GPT 5,21,False,,False
24 Hours/GPT/GPT 5/Slice 22.png,24 Hours,GPT,GPT 5,22,False,,False
24 Hours/GPT/GPT 5/Slice 23.png,24 Hours,GPT,GPT 5,23,False,,False
24 Hours/GPT/GPT 5/Slice 24.png,24 Hours,GPT,GPT 5,24,False,,False
24 Hours/GPT/GPT 6/Slice 15.png,24 Hours,GPT,GPT 6,15,False,,False
24 Hours/GPT/GPT 6/Slice 16.png,24 Hours,GPT,GPT 6,16,False,,False
24 Hours/GPT/GPT 6/Slice 17.png,24 Hours,GPT,GPT 6,17,False,,False
24 Hours/GPT/GPT 6/Slice 18.png,24 Hours,GPT,GPT 6,18,False,,False
24 Hours/GPT/GPT 6/Slice 19.png,24 Hours,GPT,GPT 6,19,False,,False
24 Hours/GPT/GPT 6/Slice 20.png,24 Hours,GPT,GPT 6,20,False,,False
24 Hours/GPT/GPT 6/Slice 21.png,24 Hours,GPT,GPT 6,21,False,,False
24 Hours/GPT/GPT 6/Slice 22.png,24 Hours,GPT,GPT 6,22,False,,False
24 Hours/GPT/GPT 6/Slice 23.png,24 Hours,GPT,GPT 6,23,False,,False
3 Weeks/Combined/Combined 1/Slice 16.png,3 Weeks,Combined,Combined 1,16,False,,False
3 Weeks/Combined/Combined 1/Slice 17.png,3 Weeks,Combined,Combined 1,17,False,,False
3 Weeks/Combined/Combined 1/Slice 18.png,3 Weeks,Combined,Combined 1,18,False,,False
3 Weeks/Combined/Combined 1/Slice 19.png,3 Weeks,Combined,Combined 1,19,False,,False
3 Weeks/Combined/Combined 2/Slice 16.png,3 Weeks,Combined,Combined 2,16,False,,False
3 Weeks/Combined/Combined 2/Slice 17.png,3 Weeks,Combined,Combined 2,17,False,,False
3 Weeks/Combined/Combined 2/Slice 18.png,3 Weeks,Combined,Combined 2,18,False,,False
3 Weeks/Combined/Combined 2/Slice 19.png,3 Weeks,Combined,Combined 2,19,False,,False
3 Weeks/Combined/Combined 3/Slice 18.png,3 Weeks,Combined,Combined 3,18,False,,False
3 Weeks/Combined/Combined 3/Slice 19.png,3 Weeks,Combined,Combined 3,19,False,,False
3 Weeks/Combined/Combined 3/Slice 20.png,3 Weeks,Combined,Combined 3,20,False,,False
3 Weeks/Combined/Combined 3/Slice 21.png,3 Weeks,Combined,Combined 3,21,False,,False
3 Weeks/Combined/Combined 3/Slice 22.png,3 Weeks,Combined,Combined 3,22,False,,False
3 Weeks/Combined/Combined 4/Slice 18.png,3 Weeks,Combined,Combined 4,18,False,,False
3 Weeks/Combined/Combined 4/Slice 19.png,3 Weeks,Combined,Combined 4,19,False,,False
3 Weeks/Combined/Combined 4/Slice 20.png,3 Weeks,Combined,Combined 4,20,False,,False
3 Weeks/Combined/Combined 4/Slice 21.png,3 Weeks,Combined,Combined 4,21,False,,False
3 Weeks/Combined/Combined 4/Slice 22.png,3 Weeks,Combined,Combined 4,22,False,,False
3 Weeks/Combined/Combined 5/Slice 17.png,3 Weeks,Combined,Combined 5,17,False,,False
3 Weeks/Combined/Combined 5/Slice 18.png,3 Weeks,Combined,Combined 5,18,False,,False
3 Weeks/Combined/Combined 5/Slice 19.png,3 Weeks,Combined,Combined 5,19,False,,False
3 Weeks/Combined/Combined 5/Slice 20.png,3 Weeks,Combined,Combined 5,20,False,,False
3 Weeks/Combined/Combined 5/Slice 21.png,3 Weeks,Combined,Combined 5,21,False,,False
3 Weeks/Combined/Combined 5/Slice 22.png,3 Weeks,Combined,Combined 5,22,False,,False
3 Weeks/Combined/Combined 6/Slice 17.png,3 Weeks,Combined,Combined 6,17,False,,False
3 Weeks/Combined/Combined 6/Slice 18.png,3 Weeks,Combined,Combined 6,18,False,,False
3 Weeks/Combined/Combined 6/Slice 19.png,3 Weeks,Combined,Combined 6,19,False,,False
3 Weeks/Combined/Combined 6/Slice 20.png,3 Weeks,Combined,Combined 6,20,False,,False
3 Weeks/Combined/Combined 6/Slice 21.png,3 Weeks,Combined,Combined 6,21,False,,False
3 Weeks/Combined/Combined 6/Slice 22.png,3 Weeks,Combined,Combined 6,22,False,,False
3 Weeks/Control/Control 1/Slice 16.png,3 Weeks,Control,Control 1,16,False,,False
3 Weeks/Control/Control 1/Slice 17.png,3 Weeks,Control,Control 1,17,False,,False
3 Weeks/Control/Control 1/Slice 18.png,3 Weeks,Control,Control 1,18,False,,False
3 Weeks/Control/Control 1/Slice 19.png,3 Weeks,Control,Control 1,19,False,,False
3 Weeks/Control/Control 1/Slice 20.png,3 Weeks,Control,Control 1,20,False,,False
3 Weeks/Control/Control 1/Slice 21.png,3 Weeks,Control,Control 1,21,False,,False
3 Weeks/Control/Control 2/Slice 17.png,3 Weeks,Control,Control 2,17,False,,False
3 Weeks/Control/Control 2/Slice 18.png,3 Weeks,Control,Control 2,18,False,,False
3 Weeks/Control/Control 2/Slice 19.png,3 Weeks,Control,Control 2,19,False,,False
3 Weeks/Control/Control 2/Slice 20.png,3 Weeks,Control,Control 2,20,False,,False
3 Weeks/Control/Control 2/Slice 21.png,3 Weeks,Control,Control 2,21,False,,False
3 Weeks/Control/Control 3/Slice 14.png,3 Weeks,Control,Control 3,14,False,,False
3 Weeks/Control/Control 3/Slice 15.png,3 Weeks,Control,Control 3,15,False,,False
3 Weeks/Control/Control 3/Slice 16.png,3 Weeks,Control,Control 3,16,False,,False
3 Weeks/Control/Control 3/Slice 17.png,3 Weeks,Control,Control 3,17,False,,False
3 Weeks/Control/Control 3/Slice 18.png,3 Weeks,Control,Control 3,18,False,,False
3 Weeks/Control/Control 4/Slice 16.png,3 Weeks,Control,Control 4,16,False,,False
3 Weeks/Control/Control 4/Slice 17.png,3 Weeks,Control,Control 4,17,False,,False
3 Weeks/Control/Control 4/Slice 18.png,3 Weeks,Control,Control 4,18,False,,False
3 Weeks/Control/Control 4/Slice 19.png,3 Weeks,Control,Control 4,19,False,,False
3 Weeks/Control/Control 4/Slice 20.png,3 Weeks,Control,Control 4,20,False,,False
3 Weeks/Control/Control 4/Slice 21.png,3 Weeks,Control,Control 4,21,False,,False
3 Weeks/Control/Control 5/Slice 17.png,3 Weeks,Control,Control 5,17,False,,False
3 Weeks/Control/Control 5/Slice 18.png,3 Weeks,Control,Control 5,18,False,,False
3 Weeks/Control/Control 5/Slice 19.png,3 Weeks,Control,Control 5,19,False,,False
3 Weeks/Control/Control 5/Slice 20.png,3 Weeks,Control,Control 5,20,False,,False
3 Weeks/Control/Control 5/Slice 21.png,3 Weeks,Control,Control 5,21,False,,False
3 Weeks/Control/Control 5/Slice 22.png,3 Weeks,Control,Control 5,22,False,,False
3 Weeks/Control/Control 5 2/Slice 14.png,3 Weeks,Control,Control 5 2,14,False,,False
3 Weeks/Control/Control 5 2/Slice 15.png,3 Weeks,Control,Control 5 2,15,False,,False
3 Weeks/Control/Control 5 2/Slice 16.png,3 Weeks,Control,Control 5 2,16,False,,False
3 Weeks/Control/Control 5 2/Slice 17.png,3 Weeks,Control,Control 5 2,17,False,,False
3 Weeks/Control/Control 5 2/Slice 18.png,3 Weeks,Control,Control 5 2,18,False,,False
3 Weeks/Control/Control 5 2/Slice 19.png,3 Weeks,Control,Control 5 2,19,False,,False
3 Weeks/GOT/GOT1/Slice 17.png,3 Weeks,GOT,GOT1,17,False,,False
3 Weeks/GOT/GOT1/Slice 18.png,3 Weeks,GOT,GOT1,18,False,,False
3 Weeks/GOT/GOT1/Slice 20.png,3 Weeks,GOT,GOT1,20,False,,False
3 Weeks/GOT/GOT1/Slice 21.png,3 Weeks,GOT,GOT1,21,False,,False
3 Weeks/GOT/GOT1/Slice 22.png,3 Weeks,GOT,GOT1,22,False,,False
3 Weeks/GOT/GOT2/Slice 20.png,3 Weeks,GOT,GOT2,20,False,,False
3 Weeks/GOT/GOT2/Slice 21.png,3 Weeks,GOT,GOT2,21,False,,False
3 Weeks/GOT/GOT2/Slice 22.png,3 Weeks,GOT,GOT2,22,False,,False
3 Weeks/GOT/GOT2/Slice 23.png,3 Weeks,GOT,GOT2,23,False,,False
3 Weeks/GOT/GOT2/Slice 24.png,3 Weeks,GOT,GOT2,24,False,,False
3 Weeks/GOT/GOT3/Slice 17.png,3 Weeks,GOT,GOT3,17,False,,False
3 Weeks/GOT/GOT3/Slice 18.png,3 Weeks,GOT,GOT3,18,False,,False
3 Weeks/GOT/GOT3/Slice 19.png,3 Weeks,GOT,GOT3,19,False,,False
3 Weeks/GOT/GOT3/Slice 20.png,3 Weeks,GOT,GOT3,20,False,,False
3 Weeks/GOT/GOT3/Slice 21.png,3 Weeks,GOT,GOT3,21,False,,False
3 Weeks/GOT/GOT3/Slice 22.png,3 Weeks,GOT,GOT3,22,False,,False
3 Weeks/GOT/GOT3/Slice 23.png,3 Weeks,GOT,GOT3,23,False,,False
3 Weeks/GOT/GOT4/Slice 17.png,3 Weeks,GOT,GOT4,17,False,,False
3 Weeks/GOT/GOT4/Slice 18.png,3 Weeks,GOT,GOT4,18,False,,False
3 Weeks/GOT/GOT4/Slice 19.png,3 Weeks,GOT,GOT4,19,False,,False
3 Weeks/GOT/GOT4/Slice 20.png,3 Weeks,GOT,GOT4,20,False,,False
3 Weeks/GOT/GOT4/Slice 21.png,3 Weeks,GOT,GOT4,21,False,,False
3 Weeks/GOT/GOT4/Slice 22.png,3 Weeks,GOT,GOT4,22,False,,False
3 Weeks/GOT/GOT5/Slice 17.png,3 Weeks,GOT,GOT5,17,False,,False
3 Weeks/GOT/GOT5/Slice 18.png,3 Weeks,GOT,GOT5,18,False,,False
3 Weeks/GOT/GOT5/Slice 19.png,3 Weeks,GOT,GOT5,19,False,,False
3 Weeks/GOT/GOT5/Slice 20.png,3 Weeks,GOT,GOT5,20,False,,False
3 Weeks/GOT/GOT5/Slice 21.png,3 Weeks,GOT,GOT5,21,False,,False
3 Weeks/GOT/GOT5/Slice 22.png,3 Weeks,GOT,GOT5,22,False,,False
3 Weeks/GPT/GPT1/Slice 18.png,3 Weeks,GPT,GPT1,18,False,,False
3 Weeks/GPT/GPT1/Slice 19.png,3 Weeks,GPT,GPT1,19,False,,False
3 Weeks/GPT/GPT1/Slice 20.png,3 Weeks,GPT,GPT1,20,False,,False
3 Weeks/GPT/GPT1/Slice 21.png,3 Weeks,GPT,GPT1,21,False,,False
3 Weeks/GPT/GPT1/Slice 22.png,3 Weeks,GPT,GPT1,22,False,,False
3 Weeks/GPT/GPT1/Slice 23.png,3 Weeks,GPT,GPT1,23,False,,False
3 Weeks/GPT/GPT2/Slice 18.png,3 Weeks,GPT,GPT2,18,False,,False
3 Weeks/GPT/GPT2/Slice 19.png,3 Weeks,GPT,GPT2,19,False,,False
3 Weeks/GPT/GPT2/Slice 20.png,3 Weeks,GPT,GPT2,20,False,,False
3 Weeks/GPT/GPT2/Slice 21.png,3 Weeks,GPT,GPT2,21,False,,False
3 Weeks/GPT/GPT2/Slice 22.png,3 Weeks,GPT,GPT2,22,False,,False
3 Weeks/GPT/GPT2/Slice 23.png,3 Weeks,GPT,GPT2,23,False,,False
3 Weeks/GPT/GPT3/Slice 17.png,3 Weeks,GPT,GPT3,17,False,,False
3 Weeks/GPT/GPT3/Slice 18.png,3 Weeks,GPT,GPT3,18,False,,False
3 Weeks/GPT/GPT3/Slice 19.png,3 Weeks,GPT,GPT3,19,False,,False
3 Weeks/GPT/GPT3/Slice 20.png,3 Weeks,GPT,GPT3,20,False,,False
3 Weeks/GPT/GPT3/Slice 21.png,3 Weeks,GPT,GPT3,21,False,,False
3 Weeks/GPT/GPT3/Slice 22.png,3 Weeks,GPT,GPT3,22,False,,False
3 Weeks/GPT/GPT4/Slice 17.png,3 Weeks,GPT,GPT4,17,False,,False
3 Weeks/GPT/GPT4/Slice 18.png,3 Weeks,GPT,GPT4,18,False,,False
3 Weeks/GPT/GPT4/Slice 19.png,3 Weeks,GPT,GPT4,19,False,,False
3 Weeks/GPT/GPT4/Slice 20.png,3 Weeks,GPT,GPT4,20,False,,False
3 Weeks/GPT/GPT4/Slice 21.png,3 Weeks,GPT,GPT4,21,False,,False
3 Weeks/GPT/GPT4/Slice 22.png,3 Weeks,GPT,GPT4,22,False,,False
3 Weeks/GPT/GPT4/Slice 23.png,3 Weeks,GPT,GPT4,23,False,,False
3 Weeks/GPT/GPT5/Slice 16.png,3 Weeks,GPT,GPT5,16,False,,False
3 Weeks/GPT/GPT5/Slice 17.png,3 Weeks,GPT,GPT5,17,False,,False
3 Weeks/GPT/GPT5/Slice 18.png,3 Weeks,GPT,GPT5,18,False,,False
3 Weeks/GPT/GPT5/Slice 19.png,3 Weeks,GPT,GPT5,19,False,,False
3 Weeks/GPT/GPT5/Slice 20.png,3 Weeks,GPT,GPT5,20,False,,False
3 Weeks/GPT/GPT6/Slice 22.png,3 Weeks,GPT,GPT6,22,False,,False
3 Weeks/GPT/GPT6/Slice 23.png,3 Weeks,GPT,GPT6,23,False,,False
3 Weeks/GPT/GPT6/Slice 24.png,3 Weeks,GPT,GPT6,24,False,,False
3 Weeks/GPT/GPT6/Slice 25.png,3 Weeks,GPT,GPT6,25,False,,False
48 Hours/Combined/Combined 1/Slice 16.png,48 Hours,Combined,Combined 1,16,False,,False
48 Hours/Combined/Combined 1/Slice 17.png,48 Hours,Combined,Combined 1,17,False,,False
48 Hours/Combined/Combined 1/Slice 18.png,48 Hours,Combined,Combined 1,18,False,,False
48 Hours/Combined/Combined 1/Slice 19.png,48 Hours,Combined,Combined 1,19,False,,False
48 Hours/Combined/Combined 1/Slice 20.png,48 Hours,Combined,Combined 1,20,False,,False
48 Hours/Combined/Combined 1/Slice 21.png,48 Hours,Combined,Combined 1,21,False,,False
48 Hours/Combined/Combined 2/Slice 18.png,48 Hours,Combined,Combined 2,18,False,,False
48 Hours/Combined/Combined 2/Slice 19.png,48 Hours,Combined,Combined 2,19,False,,False
48 Hours/Combined/Combined 2/Slice 20.png,48 Hours,Combined,Combined 2,20,False,,False
48 Hours/Combined/Combined 2/Slice 21.png,48 Hours,Combined,Combined 2,21,False,,False
48 Hours/Combined/Combined 2/Slice 22.png,48 Hours,Combined,Combined 2,22,False,,False
48 Hours/Combined/Combined 2/Slice 23.png,48 Hours,Combined,Combined 2,23,False,,False
48 Hours/Combined/Combined 3/Slice 17.png,48 Hours,Combined,Combined 3,17,False,,False
48 Hours/Combined/Combined 3/Slice 18.png,48 Hours,Combined,Combined 3,18,False,,False
48 Hours/Combined/Combined 3/Slice 19.png,48 Hours,Combined,Combined 3,19,False,,False
48 Hours/Combined/Combined 3/Slice 20.png,48 Hours,Combined,Combined 3,20,False,,False
48 Hours/Combined/Combined 3/Slice 21.png,48 Hours,Combined,Combined 3,21,False,,False
48 Hours/Combined/Combined 3/Slice 22.png,48 Hours,Combined,Combined 3,22,False,,False
48 Hours/Combined/Combined 4/Slice 17.png,48 Hours,Combined,Combined 4,17,False,,False
48 Hours/Combined/Combined 4/Slice 18.png,48 Hours,Combined,Combined 4,18,False,,False
48 Hours/Combined/Combined 4/Slice 19.png,48 Hours,Combined,Combined 4,19,False,,False
48 Hours/Combined/Combined 4/Slice 20.png,48 Hours,Combined,Combined 4,20,False,,False
48 Hours/Combined/Combined 4/Slice 21.png,48 Hours,Combined,Combined 4,21,False,,False
48 Hours/Combined/Combined 4/Slice 22.png,48 Hours,Combined,Combined 4,22,False,,False
48 Hours/Combined/Combined 5/Slice 20.png,48 Hours,Combined,Combined 5,20,False,,False
48 Hours/Combined/Combined 5/Slice 21.png,48 Hours,Combined,Combined 5,21,False,,False
48 Hours/Combined/Combined 5/Slice 22.png,48 Hours,Combined,Combined 5,22,False,,False
48 Hours/Combined/Combined 5/Slice 23.png,48 Hours,Combined,Combined 5,23,False,,False
48 Hours/Combined/Combined 5/Slide 18.png,48 Hours,Combined,Combined 5,18,False,,False
48 Hours/Combined/Combined 5/Slide 19.png,48 Hours,Combined,Combined 5,19,False,,False
48 Hours/Combined/Combined 6/Slice 17.png,48 Hours,Combined,Combined 6,17,False,,False
48 Hours/Combined/Combined 6/Slice 18.png,48 Hours,Combined,Combined 6,18,False,,False
48 Hours/Combined/Combined 6/Slice 19.png,48 Hours,Combined,Combined 6,19,False,,False
48 Hours/Combined/Combined 6/Slice 20.png,48 Hours,Combined,Combined 6,20,False,,False
48 Hours/Combined/Combined 6/Slice 21.png,48 Hours,Combined,Combined 6,21,False,,False
48 Hours/Combined/Combined 6/Slice 22.png,48 Hours,Combined,Combined 6,22,False,,False
48 Hours/Combined/Combined 7/Slice 16.png,48 Hours,Combined,Combined 7,16,False,,False
48 Hours/Combined/Combined 7/Slice 17.png,48 Hours,Combined,Combined 7,17,False,,False
48 Hours/Combined/Combined 7/Slice 18.png,48 Hours,Combined,Combined 7,18,False,,False
48 Hours/Combined/Combined 7/Slice 19.png,48 Hours,Combined,Combined 7,19,False,,False
48 Hours/Combined/Combined 7/Slice 20.png,48 Hours,Combined,Combined 7,20,False,,False
48 Hours/Combined/Combined 7/Slice 21.png,48 Hours,Combined,Combined 7,21,False,,False
48 Hours/Combined/Combined 7/Slice 22.png,48 Hours,Combined,Combined 7,22,False,,False
48 Hours/Combined/Combined 8/Slice 16.png,48 Hours,Combined,Combined 8,16,False,,False
48 Hours/Combined/Combined 8/Slice 17.png,48 Hours,Combined,Combined 8,17,False,,False
48 Hours/Combined/Combined 8/Slice 18.png,48 Hours,Combined,Combined 8,18,False,,False
48 Hours/Combined/Combined 8/Slice 19.png,48 Hours,Combined,Combined 8,19,False,,False
48 Hours/Combined/Combined 8/Slice 20.png,48 Hours,Combined,Combined 8,20,False,,False
48 Hours/Combined/Combined 8/Slice 21.png,48 Hours,Combined,Combined 8,21,False,,False
48 Hours/Combined/Combined 8/Slice 22.png,48 Hours,Combined,Combined 8,22,False,,False
48 Hours/Control/Control 1/Slice 14.png,48 Hours,Control,Control 1,14,False,,False
48 Hours/Control/Control 1/Slice 15.png,48 Hours,Control,Control 1,15,False,,False
48 Hours/Control/Control 1/Slice 16.png,48 Hours,Control,Control 1,16,False,,False
48 Hours/Control/Control 1/Slice 17.png,48 Hours,Control,Control 1,17,False,,False
48 Hours/Control/Control 1/Slice 18.png,48 Hours,Control,Control 1,18,False,,False
48 Hours/Control/Control 1/Slice 19.png,48 Hours,Control,Control 1,19,False,,False
48 Hours/Control/Control 1/Slice 20.png,48 Hours,Control,Control 1,20,False,,False
48 Hours/Control/Control 1/Slice 21.png,48 Hours,Control,Control 1,21,False,,False
48 Hours/Control/Control 1/Slice 22.png,48 Hours,Control,Control 1,22,False,,False
48 Hours/Control/Control 2/Slice 16.png,48 Hours,Control,Control 2,16,False,,False
48 Hours/Control/Control 2/Slice 17.png,48 Hours,Control,Control 2,17,False,,False
48 Hours/Control/Control 2/Slice 18.png,48 Hours,Control,Control 2,18,False,,False
48 Hours/Control/Control 2/Slice 19.png,48 Hours,Control,Control 2,19,False,,False
48 Hours/Control/Control 2/Slice 20.png,48 Hours,Control,Control 2,20,False,,False
48 Hours/Control/Control 2/Slice 21.png,48 Hours,Control,Control 2,21,False,,False
48 Hours/Control/Control 2/Slice 22.png,48 Hours,Control,Control 2,22,False,,False
48 Hours/Control/Control 2/Slice 23.png,48 Hours,Control,Control 2,23,False,,False
48 Hours/Control/Control 3/Slice 17.png,48 Hours,Control,Control 3,17,False,,False
48 Hours/Control/Control 3/Slice 18.png,48 Hours,Control,Control 3,18,False,,False
48 Hours/Control/Control 3/Slice 19.png,48 Hours,Control,Control 3,19,False,,False
48 Hours/Control/Control 3/Slice 20.png,48 Hours,Control,Control 3,20,False,,False
48 Hours/Control/Control 3/Slice 21.png,48 Hours,Control,Control 3,21,False,,False
48 Hours/Control/Control 3/Slice 22.png,48 Hours,Control,Control 3,22,False,,False
48 Hours/Control/Control 3/Slice 23.png,48 Hours,Control,Control 3,23,False,,False
48 Hours/Control/Control 3/Slice 24.png,48 Hours,Control,Control 3,24,False,,False
48 Hours/Control/Control 4/Slice 15.png,48 Hours,Control,Control 4,15,False,,False
48 Hours/Control/Control 4/Slice 16.png,48 Hours,Control,Control 4,16,False,,False
48 Hours/Control/Control 4/Slice 17.png,48 Hours,Control,Control 4,17,False,,False
48 Hours/Control/Control 4/Slice 18.png,48 Hours,Control,Control 4,18,False,,False
48 Hours/Control/Control 4/Slice 19.png,48 Hours,Control,Control 4,19,False,,False
48 Hours/Control/Control 4/Slice 20.png,48 Hours,Control,Control 4,20,False,,False
48 Hours/Control/Control 4/Slice 21.png,48 Hours,Control,Control 4,21,False,,False
48 Hours/Control/Control 5/Slice 15.png,48 Hours,Control,Control 5,15,False,,False
48 Hours/Control/Control 5/Slice 16.png,48 Hours,Control,Control 5,16,False,,False
48 Hours/Control/Control 5/Slice 17.png,48 Hours,Control,Control 5,17,False,,False
48 Hours/Control/Control 5/Slice 18.png,48 Hours,Control,Control 5,18,False,,False
48 Hours/Control/Control 5/Slice 19.png,48 Hours,Control,Control 5,19,False,,False
48 Hours/Control/Control 5/Slice 20.png,48 Hours,Control,Control 5,20,False,,False
48 Hours/Control/Control 6/Slice 15.png,48 Hours,Control,Control 6,15,False,,False
48 Hours/Control/Control 6/Slice 16.png,48 Hours,Control,Control 6,16,False,,False
48 Hours/Control/Control 6/Slice 17.png,48 Hours,Control,Control 6,17,False,,False
48 Hours/Control/Control 6/Slice 18.png,48 Hours,Control,Control 6,18,False,,False
48 Hours/Control/Control 6/Slice 19.png,48 Hours,Control,Control 6,19,False,,False
48 Hours/Control/Control 6/Slice 20.png,48 Hours,Control,Control 6,20,False,,False
48 Hours/Control/Control 6/Slice 21.png,48 Hours,Control,Control 6,21,False,,False
48 Hours/Control/Control 7/Slice 19.png,48 Hours,Control,Control 7,19,False,,False
48 Hours/Control/Control 7/Slice 20.png,48 Hours,Control,Control 7,20,False,,False
48 Hours/Control/Control 7/Slice 21.png,48 Hours,Control,Control 7,21,False,,False
48 Hours/Control/Control 7/Slice 22.png,48 Hours,Control,Control 7,22,False,,False
48 Hours/Control/Control 7/Slice 23.png,48 Hours,Control,Control 7,23,False,,False
48 Hours/Control/Control 7/Slide 18.png,48 Hours,Control,Control 7,18,False,,False
48 Hours/Control/Control 8/Slice 16.png,48 Hours,Control,Control 8,16,False,,False
48 Hours/Control/Control 8/Slice 17.png,48 Hours,Control,Control 8,17,False,,False
48 Hours/Control/Control 8/Slice 18.png,48 Hours,Control,Control 8,18,False,,False
48 Hours/Control/Control 8/Slice 19.png,48 Hours,Control,Control 8,19,False,,False
48 Hours/Control/Control 8/Slice 20.png,48 Hours,Control,Control 8,20,False,,False
48 Hours/Control/Control 8/Slice 21.png,48 Hours,Control,Control 8,21,False,,False
48 Hours/Control/Control 8/Slice 22.png,48 Hours,Control,Control 8,22,False,,False
48 Hours/Control/Control 8/Slice 23.png,48 Hours,Control,Control 8,23,False,,False
48 Hours/GOT/GOT 10/Slice 13.png,48 Hours,GOT,GOT 10,13,False,,False
48 Hours/GOT/GOT 10/Slice 14.png,48 Hours,GOT,GOT 10,14,False,,False
48 Hours/GOT/GOT 10/Slice 15.png,48 Hours,GOT,GOT 10,15,False,,False
48 Hours/GOT/GOT 10/Slice 16.png,48 Hours,GOT,GOT 10,16,False,,False
48 Hours/GOT/GOT 10/Slice 17.png,48 Hours,GOT,GOT 10,17,False,,False
48 Hours/GOT/GOT 10/Slice 18.png,48 Hours,GOT,GOT 10,18,False,,False
48 Hours/GOT/GOT 10/Slice 19.png,48 Hours,GOT,GOT 10,19,False,,False
48 Hours/GOT/GOT 10/Slice 20.png,48 Hours,GOT,GOT 10,20,False,,False
48 Hours/GOT/GOT 10/Slice 21.png,48 Hours,GOT,GOT 10,21,False,,False
48 Hours/GOT/GOT 10/Slice 22.png,48 Hours,GOT,GOT 10,22,False,,False
48 Hours/GOT/GOT 10/Slice 23.png,48 Hours,GOT,GOT 10,23,False,,False
48 Hours/GOT/GOT 11/Slice 17.png,48 Hours,GOT,GOT 11,17,False,,False
48 Hours/GOT/GOT 11/Slice 18.png,48 Hours,GOT,GOT 11,18,False,,False
48 Hours/GOT/GOT 11/Slice 19.png,48 Hours,GOT,GOT 11,19,False,,False
48 Hours/GOT/GOT 11/Slice 20.png,48 Hours,GOT,GOT 11,20,False,,False
48 Hours/GOT/GOT 11/Slice 21.png,48 Hours,GOT,GOT 11,21,False,,False
48 Hours/GOT/GOT 11/Slice 22.png,48 Hours,GOT,GOT 11,22,False,,False
48 Hours/GOT/GOT 11/Slice 23.png,48 Hours,GOT,GOT 11,23,False,,False
48 Hours/GOT/GOT 11/Slice 24.png,48 Hours,GOT,GOT 11,24,False,,False
48 Hours/GOT/GOT 12/Slice 15.png,48 Hours,GOT,GOT 12,15,False,,False
48 Hours/GOT/GOT 12/Slice 16.png,48 Hours,GOT,GOT 12,16,False,,False
48 Hours/GOT/GOT 12/Slice 17.png,48 Hours,GOT,GOT 12,17,False,,False
48 Hours/GOT/GOT 12/Slice 18.png,48 Hours,GOT,GOT 12,18,False,,False
48 Hours/GOT/GOT 12/Slice 19.png,48 Hours,GOT,GOT 12,19,False,,False
48 Hours/GOT/GOT 12/Slice 20.png,48 Hours,GOT,GOT 12,20,False,,False
48 Hours/GOT/GOT 12/Slice 21.png,48 Hours,GOT,GOT 12,21,False,,False
48 Hours/GOT/GOT 12/Slice 22.png,48 Hours,GOT,GOT 12,22,False,,False
48 Hours/GOT/GOT 3/Slice 15.png,48 Hours,GOT,GOT 3,15,False,,False
48 Hours/GOT/GOT 3/Slice 16.png,48 Hours,GOT,GOT 3,16,False,,False
48 Hours/GOT/GOT 3/Slice 17.png,48 Hours,GOT,GOT 3,17,False,,False
48 Hours/GOT/GOT 3/Slice 18.png,48 Hours,GOT,GOT 3,18,False,,False
48 Hours/GOT/GOT 3/Slice 19.png,48 Hours,GOT,GOT 3,19,False,,False
48 Hours/GOT/GOT 3/Slice 20.png,48 Hours,GOT,GOT 3,20,False,,False
48 Hours/GOT/GOT 3/Slice 21.png,48 Hours,GOT,GOT 3,21,False,,False
48 Hours/GOT/GOT 4/Slice 16.png,48 Hours,GOT,GOT 4,16,False,,False
48 Hours/GOT/GOT 4/Slice 17.png,48 Hours,GOT,GOT 4,17,False,,False
48 Hours/GOT/GOT 4/Slice 18.png,48 Hours,GOT,GOT 4,18,False,,False
48 Hours/GOT/GOT 4/Slice 19 .png,48 Hours,GOT,GOT 4,19,False,,False
48 Hours/GOT/GOT 4/Slice 20.png,48 Hours,GOT,GOT 4,20,False,,False
48 Hours/GOT/GOT 4/Slice 21.png,48 Hours,GOT,GOT 4,21,False,,False
48 Hours/GOT/GOT 4/Slice 22.png,48 Hours,GOT,GOT 4,22,False,,False
48 Hours/GOT/GOT 4/Slice 23.png,48 Hours,GOT,GOT 4,23,False,,False
48 Hours/GOT/GOT 7/Slice 14.png,48 Hours,GOT,GOT 7,14,False,,False
48 Hours/GOT/GOT 7/Slice 15.png,48 Hours,GOT,GOT 7,15,False,,False
48 Hours/GOT/GOT 7/Slice 16.png,48 Hours,GOT,GOT 7,16,False,,False
48 Hours/GOT/GOT 7/Slice 17.png,48 Hours,GOT,GOT 7,17,False,,False
48 Hours/GOT/GOT 7/Slice 18.png,48 Hours,GOT,GOT 7,18,False,,False
48 Hours/GOT/GOT 7/Slice 19.png,48 Hours,GOT,GOT 7,19,False,,False
48 Hours/GOT/GOT 7/Slice 20.png,48 Hours,GOT,GOT 7,20,False,,False
48 Hours/GOT/GOT 7/Slice 21.png,48 Hours,GOT,GOT 7,21,False,,False
48 Hours/GOT/GOT 7/Slice 22.png,48 Hours,GOT,GOT 7,22,False,,False
48 Hours/GOT/GOT 7/Slice 23.png,48 Hours,GOT,GOT 7,23,False,,False
48 Hours/GOT/GOT 8/Slice 14.png,48 Hours,GOT,GOT 8,14,False,,False
48 Hours/GOT/GOT 8/Slice 15.png,48 Hours,GOT,GOT 8,15,False,,False
48 Hours/GOT/GOT 8/Slice 16.png,48 Hours,GOT,GOT 8,16,False,,False
48 Hours/GOT/GOT 8/Slice 17.png,48 Hours,GOT,GOT 8,17,False,,False
48 Hours/GOT/GOT 8/Slice 18.png,48 Hours,GOT,GOT 8,18,False,,False
48 Hours/GOT/GOT 8/Slice 19.png,48 Hours,GOT,GOT 8,19,False,,False
48 Hours/GOT/GOT 8/Slice 20.png,48 Hours,GOT,GOT 8,20,False,,False
48 Hours/GOT/GOT 8/Slice 21.png,48 Hours,GOT,GOT 8,21,False,,False
48 Hours/GOT/GOT 8/Slice 22.png,48 Hours,GOT,GOT 8,22,False,,False
48 Hours/GOT/GOT 9/Slice 14.png,48 Hours,GOT,GOT 9,14,False,,False
48 Hours/GOT/GOT 9/Slice 15.png,48 Hours,GOT,GOT 9,15,False,,False
48 Hours/GOT/GOT 9/Slice 16.png,48 Hours,GOT,GOT 9,16,False,,False
48 Hours/GOT/GOT 9/Slice 17.png,48 Hours,GOT,GOT 9,17,False,,False
48 Hours/GOT/GOT 9/Slice 18.png,48 Hours,GOT,GOT 9,18,False,,False
48 Hours/GOT/GOT 9/Slice 19.png,48 Hours,GOT,GOT 9,19,False,,False
48 Hours/GOT/GOT 9/Slice 20.png,48 Hours,GOT,GOT 9,20,False,,False
48 Hours/GOT/GOT 9/Slice 21.png,48 Hours,GOT,GOT 9,21,False,,False
48 Hours/GOT/GOT 9/Slice 22.png,48 Hours,GOT,GOT 9,22,False,,False
48 Hours/GOT/GOT 9/Slice 23.png,48 Hours,GOT,GOT 9,23,False,,False
48 Hours/GOT/GOT 9/Slice 24.png,48 Hours,GOT,GOT 9,24,False,,False
48 Hours/GPT/GPT 1/Slice 17.png,48 Hours,GPT,GPT 1,17,False,,False
48 Hours/GPT/GPT 1/Slice 18.png,48 Hours,GPT,GPT 1,18,False,,False
48 Hours/GPT/GPT 1/Slice 19.png,48 Hours,GPT,GPT 1,19,False,,False
48 Hours/GPT/GPT 1/Slice 20.png,48 Hours,GPT,GPT 1,20,False,,False
48 Hours/GPT/GPT 1/Slice 21.png,48 Hours,GPT,GPT 1,21,False,,False
48 Hours/GPT/GPT 1/Slice 22.png,48 Hours,GPT,GPT 1,22,False,,False
48 Hours/GPT/GPT 13/Slice 17.png,48 Hours,GPT,GPT 13,17,False,,False
48 Hours/GPT/GPT 13/Slice 18.png,48 Hours,GPT,GPT 13,18,False,,False
48 Hours/GPT/GPT 13/Slice 19.png,48 Hours,GPT,GPT 13,19,False,,False
48 Hours/GPT/GPT 13/Slice 20.png,48 Hours,GPT,GPT 13,20,False,,False
48 Hours/GPT/GPT 13/Slice 21.png,48 Hours,GPT,GPT 13,21,False,,False
48 Hours/GPT/GPT 13/Slice 22.png,48 Hours,GPT,GPT 13,22,False,,False
48 Hours/GPT/GPT 13/Slice 23.png,48 Hours,GPT,GPT 13,23,False,,False
48 Hours/GPT/GPT 13/Slice 24.png,48 Hours,GPT,GPT 13,24,False,,False
48 Hours/GPT/GPT 14/Slice 15.png,48 Hours,GPT,GPT 14,15,False,,False
48 Hours/GPT/GPT 14/Slice 16.png,48 Hours,GPT,GPT 14,16,False,,False
48 Hours/GPT/GPT 14/Slice 17.png,48 Hours,GPT,GPT 14,17,False,,False
48 Hours/GPT/GPT 14/Slice 18.png,48 Hours,GPT,GPT 14,18,False,,False
48 Hours/GPT/GPT 14/Slice 19.png,48 Hours,GPT,GPT 14,19,False,,False
48 Hours/GPT/GPT 14/Slice 20.png,48 Hours,GPT,GPT 14,20,False,,False
48 Hours/GPT/GPT 14/Slice 21.png,48 Hours,GPT,GPT 14,21,False,,False
48 Hours/GPT/GPT 14/Slice 22.png,48 Hours,GPT,GPT 14,22,False,,False
48 Hours/GPT/GPT 15/Slice 17.png,48 Hours,GPT,GPT 15,17,False,,False
48 Hours/GPT/GPT 15/Slice 18.png,48 Hours,GPT,GPT 15,18,False,,False
48 Hours/GPT/GPT 15/Slice 19.png,48 Hours,GPT,GPT 15,19,False,,False
48 Hours/GPT/GPT 15/Slice 20.png,48 Hours,GPT,GPT 15,20,False,,False
48 Hours/GPT/GPT 15/Slice 21.png,48 Hours,GPT,GPT 15,21,False,,False
48 Hours/GPT/GPT 15/Slice 22.png,48 Hours,GPT,GPT 15,22,False,,False
48 Hours/GPT/GPT 15/Slice 23.png,48 Hours,GPT,GPT 15,23,False,,False
48 Hours/GPT/GPT 15/Slice 24.png,48 Hours,GPT,GPT 15,24,False,,False
48 Hours/GPT/GPT 16/Slice 17.png,48 Hours,GPT,GPT 16,17,False,,False
48 Hours/GPT/GPT 16/Slice 18.png,48 Hours,GPT,GPT 16,18,False,,False
48 Hours/GPT/GPT 16/Slice 19.png,48 Hours,GPT,GPT 16,19,False,,False
48 Hours/GPT/GPT 16/Slice 20.png,48 Hours,GPT,GPT 16,20,False,,False
48 Hours/GPT/GPT 16/Slice 21.png,48 Hours,GPT,GPT 16,21,False,,False
48 Hours/GPT/GPT 16/Slice 22.png,48 Hours,GPT,GPT 16,22,False,,False
48 Hours/GPT/GPT 16/Slice 23.png,48 Hours,GPT,GPT 16,23,False,,False
48 Hours/GPT/GPT 2/Slice 14.png,48 Hours,GPT,GPT 2,14,False,,False
48 Hours/GPT/GPT 2/Slice 15.png,48 Hours,GPT,GPT 2,15,False,,False
48 Hours/GPT/GPT 2/Slice 16.png,48 Hours,GPT,GPT 2,16,False,,False
48 Hours/GPT/GPT 2/Slice 17.png,48 Hours,GPT,GPT 2,17,False,,False
48 Hours/GPT/GPT 2/Slice 18.png,48 Hours,GPT,GPT 2,18,False,,False
48 Hours/GPT/GPT 2/Slice 19.png,48 Hours,GPT,GPT 2,19,False,,False
48 Hours/GPT/GPT 2/Slice 20.png,48 Hours,GPT,GPT 2,20,False,,False
48 Hours/GPT/GPT 2/Slice 21.png,48 Hours,GPT,GPT 2,21,False,,False
48 Hours/GPT/GPT 2/Slice 22.png,48 Hours,GPT,GPT 2,22,False,,False
48 Hours/GPT/GPT 2/Slice 23.png,48 Hours,GPT,GPT 2,23,False,,False
48 Hours/GPT/GPT 5/Slice 17.png,48 Hours,GPT,GPT 5,17,False,,False
48 Hours/GPT/GPT 5/Slice 18.png,48 Hours,GPT,GPT 5,18,False,,False
48 Hours/GPT/GPT 5/Slice 19.png,48 Hours,GPT,GPT 5,19,False,,False
48 Hours/GPT/GPT 5/Slice 20.png,48 Hours,GPT,GPT 5,20,False,,False
48 Hours/GPT/GPT 5/Slice 21.png,48 Hours,GPT,GPT 5,21,False,,False
48 Hours/GPT/GPT 5/Slice 22.png,48 Hours,GPT,GPT 5,22,False,,False
48 Hours/GPT/GPT 5/Slice 23.png,48 Hours,GPT,GPT 5,23,False,,False
48 Hours/GPT/GPT 5/Slice 24.png,48 Hours,GPT,GPT 5,24,False,,False
48 Hours/GPT/GPT 5/Slice 25.png,48 Hours,GPT,GPT 5,25,False,,False
48 Hours/GPT/GPT 6/Slice 15.png,48 Hours,GPT,GPT 6,15,False,,False
48 Hours/GPT/GPT 6/Slice 16.png,48 Hours,GPT,GPT 6,16,False,,False
48 Hours/GPT/GPT 6/Slice 17.png,48 Hours,GPT,GPT 6,17,False,,False
48 Hours/GPT/GPT 6/Slice 18.png,48 Hours,GPT,GPT 6,18,False,,False
48 Hours/GPT/GPT 6/Slice 19.png,48 Hours,GPT,GPT 6,19,False,,False
48 Hours/GPT/GPT 6/Slice 20.png,48 Hours,GPT,GPT 6,20,False,,False
48 Hours/GPT/GPT 6/Slice 21.png,48 Hours,GPT,GPT 6,21,False,,False
48 Hours/GPT/GPT 6/Slice 22.png,48 Hours,GPT,GPT 6,22,False,,False
48 Hours/GPT/GPT 6/Slice 23.png,48 Hours,GPT,GPT 6,23,False,,False
data/roboflow_coco/train/Slice-14_png.rf.16d707379e7d4ffba1ba4798d3cbd786.jpg,,,,-1,True,data/masks_raw/train/Slice-14_png.rf.16d707379e7d4ffba1ba4798d3cbd786_mask.png,True
data/roboflow_coco/train/Slice-14_png.rf.1ac328ab476449bd0df40ce5de955f3f.jpg,,,,-1,True,data/masks_raw/train/Slice-14_png.rf.1ac328ab476449bd0df40ce5de955f3f_mask.png,True
data/roboflow_coco/train/Slice-14_png.rf.37e942d2ef79b2eb58d0c8a7037cc19d.jpg,,,,-1,True,data/masks_raw/train/Slice-14_png.rf.37e942d2ef79b2eb58d0c8a7037cc19d_mask.png,True
data/roboflow_coco/train/Slice-14_png.rf.74bb496881b405339eb27f0e8d2971a4.jpg,,,,-1,True,data/masks_raw/train/Slice-14_png.rf.74bb496881b405339eb27f0e8d2971a4_mask.png,True
data/roboflow_coco/train/Slice-14_png.rf.7d93eecba2d269c077a5d4523262a44b.jpg,,,,-1,True,data/masks_raw/train/Slice-14_png.rf.7d93eecba2d269c077a5d4523262a44b_mask.png,True
data/roboflow_coco/train/Slice-14_png.rf.8b5d6ebff6392b43e68444ac8317f8ec.jpg,,,,-1,True,data/masks_raw/train/Slice-14_png.rf.8b5d6ebff6392b43e68444ac8317f8ec_mask.png,True
data/roboflow_coco/train/Slice-14_png.rf.8d43e057672e1bd909bca4f7cce39e12.jpg,,,,-1,True,data/masks_raw/train/Slice-14_png.rf.8d43e057672e1bd909bca4f7cce39e12_mask.png,True
data/roboflow_coco/train/Slice-14_png.rf.baa924a1cbd1d5932a294dc8068bcd97.jpg,,,,-1,True,data/masks_raw/train/Slice-14_png.rf.baa924a1cbd1d5932a294dc8068bcd97_mask.png,True
data/roboflow_coco/train/Slice-14_png.rf.bef4e9e4c16110915335c1c56e960741.jpg,,,,-1,True,data/masks_raw/train/Slice-14_png.rf.bef4e9e4c16110915335c1c56e960741_mask.png,True
data/roboflow_coco/train/Slice-14_png.rf.e6ba69c41484f1b6a16f960c97495bee.jpg,,,,-1,True,data/masks_raw/train/Slice-14_png.rf.e6ba69c41484f1b6a16f960c97495bee_mask.png,True
data/roboflow_coco/train/Slice-15_png.rf.017e5539d0a662cd30618447a3ec2506.jpg,,,,-1,True,data/masks_raw/train/Slice-15_png.rf.017e5539d0a662cd30618447a3ec2506_mask.png,True
data/roboflow_coco/train/Slice-15_png.rf.01959166c6c777fd8a1a9a136cab494e.jpg,,,,-1,True,data/masks_raw/train/Slice-15_png.rf.01959166c6c777fd8a1a9a136cab494e_mask.png,True
data/roboflow_coco/train/Slice-15_png.rf.11819afa8fe3caf5a5819c320d3e35a7.jpg,,,,-1,True,data/masks_raw/train/Slice-15_png.rf.11819afa8fe3caf5a5819c320d3e35a7_mask.png,True
data/roboflow_coco/train/Slice-15_png.rf.1646ad2266e2557b18cc74a67141abd0.jpg,,,,-1,True,data/masks_raw/train/Slice-15_png.rf.1646ad2266e2557b18cc74a67141abd0_mask.png,True
data/roboflow_coco/train/Slice-15_png.rf.2c5421d4b5bbb4ff0d67904bf49e3095.jpg,,,,-1,True,data/masks_raw/train/Slice-15_png.rf.2c5421d4b5bbb4ff0d67904bf49e3095_mask.png,True
data/roboflow_coco/train/Slice-15_png.rf.3200128e1569afddc31db79ca3745344.jpg,,,,-1,True,data/masks_raw/train/Slice-15_png.rf.3200128e1569afddc31db79ca3745344_mask.png,True
data/roboflow_coco/train/Slice-15_png.rf.3ef54367e4c986266004939e1108507f.jpg,,,,-1,True,data/masks_raw/train/Slice-15_png.rf.3ef54367e4c986266004939e1108507f_mask.png,True
data/roboflow_coco/train/Slice-15_png.rf.421a52410a954ac48890268652240145.jpg,,,,-1,True,data/masks_raw/train/Slice-15_png.rf.421a52410a954ac48890268652240145_mask.png,True
data/roboflow_coco/train/Slice-15_png.rf.47cb53ee2a02487d79bb7eb1cfcadbf4.jpg,,,,-1,True,data/masks_raw/train/Slice-15_png.rf.47cb53ee2a02487d79bb7eb1cfcadbf4_mask.png,True
data/roboflow_coco/train/Slice-15_png.rf.5346511a311a8e1443a6cf3bb9a73350.jpg,,,,-1,True,data/masks_raw/train/Slice-15_png.rf.5346511a311a8e1443a6cf3bb9a73350_mask.png,True
data/roboflow_coco/train/Slice-15_png.rf.53f3afdde5835367171ed17a0726a4aa.jpg,,,,-1,True,data/masks_raw/train/Slice-15_png.rf.53f3afdde5835367171ed17a0726a4aa_mask.png,True
data/roboflow_coco/train/Slice-15_png.rf.647d325a9dc17bea508c099ddb9b9182.jpg,,,,-1,True,data/masks_raw/train/Slice-15_png.rf.647d325a9dc17bea508c099ddb9b9182_mask.png,True
data/roboflow_coco/train/Slice-15_png.rf.6f4845e74b63f2f7611131bfa75bc0d4.jpg,,,,-1,True,data/masks_raw/train/Slice-15_png.rf.6f4845e74b63f2f7611131bfa75bc0d4_mask.png,True
data/roboflow_coco/train/Slice-15_png.rf.6facd6e8cb1f29d280ff6642ad5965ce.jpg,,,,-1,True,data/masks_raw/train/Slice-15_png.rf.6facd6e8cb1f29d280ff6642ad5965ce_mask.png,True
data/roboflow_coco/train/Slice-15_png.rf.779aa5077ee8449819c7599e0e752c17.jpg,,,,-1,True,data/masks_raw/train/Slice-15_png.rf.779aa5077ee8449819c7599e0e752c17_mask.png,True
data/roboflow_coco/train/Slice-15_png.rf.871207119f0c34c835bdeb186634906b.jpg,,,,-1,True,data/masks_raw/train/Slice-15_png.rf.871207119f0c34c835bdeb186634906b_mask.png,True
data/roboflow_coco/train/Slice-15_png.rf.8e4994d1f030c1da52a761c11cbf62ed.jpg,,,,-1,True,data/masks_raw/train/Slice-15_png.rf.8e4994d1f030c1da52a761c11cbf62ed_mask.png,True
data/roboflow_coco/train/Slice-15_png.rf.b283be1cbc9ee144b6cd87cb9fe5dfc8.jpg,,,,-1,True,data/masks_raw/train/Slice-15_png.rf.b283be1cbc9ee144b6cd87cb9fe5dfc8_mask.png,True
data/roboflow_coco/train/Slice-15_png.rf.ba15f21446553134ae8068627479f1bd.jpg,,,,-1,True,data/masks_raw/train/Slice-15_png.rf.ba15f21446553134ae8068627479f1bd_mask.png,True
data/roboflow_coco/train/Slice-15_png.rf.bc5ec2c841ff81419ba3c9ea9814e4ee.jpg,,,,-1,True,data/masks_raw/train/Slice-15_png.rf.bc5ec2c841ff81419ba3c9ea9814e4ee_mask.png,True
data/roboflow_coco/train/Slice-15_png.rf.c80779560cb9b0162f04d6bb4c0397c4.jpg,,,,-1,True,data/masks_raw/train/Slice-15_png.rf.c80779560cb9b0162f04d6bb4c0397c4_mask.png,True
data/roboflow_coco/train/Slice-15_png.rf.c9fcaa1ae46d0089ffbf7995e142314b.jpg,,,,-1,True,data/masks_raw/train/Slice-15_png.rf.c9fcaa1ae46d0089ffbf7995e142314b_mask.png,True
data/roboflow_coco/train/Slice-15_png.rf.d86bf7309f73086c230748a4b6590aab.jpg,,,,-1,True,data/masks_raw/train/Slice-15_png.rf.d86bf7309f73086c230748a4b6590aab_mask.png,True
data/roboflow_coco/train/Slice-15_png.rf.e8cae8930d657a097a148abd3409772e.jpg,,,,-1,True,data/masks_raw/train/Slice-15_png.rf.e8cae8930d657a097a148abd3409772e_mask.png,True
data/roboflow_coco/train/Slice-15_png.rf.ebc545bbc83cabaa98bed9b2789c2e92.jpg,,,,-1,True,data/masks_raw/train/Slice-15_png.rf.ebc545bbc83cabaa98bed9b2789c2e92_mask.png,True
data/roboflow_coco/train/Slice-15_png.rf.f125c10ccd0e52d346b6fed76095845a.jpg,,,,-1,True,data/masks_raw/train/Slice-15_png.rf.f125c10ccd0e52d346b6fed76095845a_mask.png,True
data/roboflow_coco/train/Slice-15_png.rf.f32e7d038161ca0947472fa061c7201a.jpg,,,,-1,True,data/masks_raw/train/Slice-15_png.rf.f32e7d038161ca0947472fa061c7201a_mask.png,True
data/roboflow_coco/train/Slice-16_png.rf.092d08cc5939c4e60d8fdb1e7bec87c1.jpg,,,,-1,True,data/masks_raw/train/Slice-16_png.rf.092d08cc5939c4e60d8fdb1e7bec87c1_mask.png,True
data/roboflow_coco/train/Slice-16_png.rf.10c03a7a1ec385cbdbbf3e3c630ab0a8.jpg,,,,-1,True,data/masks_raw/train/Slice-16_png.rf.10c03a7a1ec385cbdbbf3e3c630ab0a8_mask.png,True
data/roboflow_coco/train/Slice-16_png.rf.11b71827c688e35469876a86c67220a4.jpg,,,,-1,True,data/masks_raw/train/Slice-16_png.rf.11b71827c688e35469876a86c67220a4_mask.png,True
data/roboflow_coco/train/Slice-16_png.rf.15a55260ca9c6f8e492b666b9ee8176e.jpg,,,,-1,True,data/masks_raw/train/Slice-16_png.rf.15a55260ca9c6f8e492b666b9ee8176e_mask.png,True
data/roboflow_coco/train/Slice-16_png.rf.176831bb67a1a058c2df0c9fe1116c8c.jpg,,,,-1,True,data/masks_raw/train/Slice-16_png.rf.176831bb67a1a058c2df0c9fe1116c8c_mask.png,True
data/roboflow_coco/train/Slice-16_png.rf.18881010988d5f2ad9aaaf5313f35628.jpg,,,,-1,True,data/masks_raw/train/Slice-16_png.rf.18881010988d5f2ad9aaaf5313f35628_mask.png,True
data/roboflow_coco/train/Slice-16_png.rf.1cab094fd91a9d2f6f7dc5f987a36b21.jpg,,,,-1,True,data/masks_raw/train/Slice-16_png.rf.1cab094fd91a9d2f6f7dc5f987a36b21_mask.png,True
data/roboflow_coco/train/Slice-16_png.rf.2b04c848d6ae9ffa71115f7ec117483c.jpg,,,,-1,True,data/masks_raw/train/Slice-16_png.rf.2b04c848d6ae9ffa71115f7ec117483c_mask.png,True
data/roboflow_coco/train/Slice-16_png.rf.31cbd3cc2f1e6e54ea8f425901266440.jpg,,,,-1,True,data/masks_raw/train/Slice-16_png.rf.31cbd3cc2f1e6e54ea8f425901266440_mask.png,True
data/roboflow_coco/train/Slice-16_png.rf.385a559299cf3c46a114b1eb72c1f0a7.jpg,,,,-1,True,data/masks_raw/train/Slice-16_png.rf.385a559299cf3c46a114b1eb72c1f0a7_mask.png,True
data/roboflow_coco/train/Slice-16_png.rf.3b687b5707cbeb3e8486f35532d2b022.jpg,,,,-1,True,data/masks_raw/train/Slice-16_png.rf.3b687b5707cbeb3e8486f35532d2b022_mask.png,True
data/roboflow_coco/train/Slice-16_png.rf.3d00375545e2990bf4198a01e047cabe.jpg,,,,-1,True,data/masks_raw/train/Slice-16_png.rf.3d00375545e2990bf4198a01e047cabe_mask.png,True
data/roboflow_coco/train/Slice-16_png.rf.4110c8a4282787184ef0ca50efc63811.jpg,,,,-1,True,data/masks_raw/train/Slice-16_png.rf.4110c8a4282787184ef0ca50efc63811_mask.png,True
data/roboflow_coco/train/Slice-16_png.rf.4aa0f377dadf149c0f7e2b5bfccab99c.jpg,,,,-1,True,data/masks_raw/train/Slice-16_png.rf.4aa0f377dadf149c0f7e2b5bfccab99c_mask.png,True
data/roboflow_coco/train/Slice-16_png.rf.4ee207e38a114deafb987245b9f1a9b7.jpg,,,,-1,True,data/masks_raw/train/Slice-16_png.rf.4ee207e38a114deafb987245b9f1a9b7_mask.png,True
data/roboflow_coco/train/Slice-16_png.rf.69fd66af3c863a97aec9a1b18ad8a39a.jpg,,,,-1,True,data/masks_raw/train/Slice-16_png.rf.69fd66af3c863a97aec9a1b18ad8a39a_mask.png,True
data/roboflow_coco/train/Slice-16_png.rf.7e4304154d3b3a2d995a5d8b2b0d3b73.jpg,,,,-1,True,data/masks_raw/train/Slice-16_png.rf.7e4304154d3b3a2d995a5d8b2b0d3b73_mask.png,True
data/roboflow_coco/train/Slice-16_png.rf.8921bcb59b22833cfce3027e6ffa2d5d.jpg,,,,-1,True,data/masks_raw/train/Slice-16_png.rf.8921bcb59b22833cfce3027e6ffa2d5d_mask.png,True
data/roboflow_coco/train/Slice-16_png.rf.8b4190ad05f1f696fb691087b3087bb8.jpg,,,,-1,True,data/masks_raw/train/Slice-16_png.rf.8b4190ad05f1f696fb691087b3087bb8_mask.png,True
data/roboflow_coco/train/Slice-16_png.rf.8d1ab1d423ea9028789184aedca1e5e4.jpg,,,,-1,True,data/masks_raw/train/Slice-16_png.rf.8d1ab1d423ea9028789184aedca1e5e4_mask.png,True
data/roboflow_coco/train/Slice-16_png.rf.968cbdaad079b496c34575df3be947b5.jpg,,,,-1,True,data/masks_raw/train/Slice-16_png.rf.968cbdaad079b496c34575df3be947b5_mask.png,True
data/roboflow_coco/train/Slice-16_png.rf.9f107969760a19b2a3923345ba7628cd.jpg,,,,-1,True,data/masks_raw/train/Slice-16_png.rf.9f107969760a19b2a3923345ba7628cd_mask.png,True
data/roboflow_coco/train/Slice-16_png.rf.a0163889ef409c26ba73e950cf38504f.jpg,,,,-1,True,data/masks_raw/train/Slice-16_png.rf.a0163889ef409c26ba73e950cf38504f_mask.png,True
data/roboflow_coco/train/Slice-16_png.rf.a0a808c98d0ec02fbf18f13bbafb8171.jpg,,,,-1,True,data/masks_raw/train/Slice-16_png.rf.a0a808c98d0ec02fbf18f13bbafb8171_mask.png,True
data/roboflow_coco/train/Slice-16_png.rf.a4abed7c9a6aba2ecddb5fcee7e42a39.jpg,,,,-1,True,data/masks_raw/train/Slice-16_png.rf.a4abed7c9a6aba2ecddb5fcee7e42a39_mask.png,True
data/roboflow_coco/train/Slice-16_png.rf.b3f4e40821c7628c8a2e1951330a90a4.jpg,,,,-1,True,data/masks_raw/train/Slice-16_png.rf.b3f4e40821c7628c8a2e1951330a90a4_mask.png,True
data/roboflow_coco/train/Slice-16_png.rf.c29f21dc96dc4bbafcaba9d3f106e156.jpg,,,,-1,True,data/masks_raw/train/Slice-16_png.rf.c29f21dc96dc4bbafcaba9d3f106e156_mask.png,True
data/roboflow_coco/train/Slice-16_png.rf.ce1d022e50fa4ddafbea3c7e502f2412.jpg,,,,-1,True,data/masks_raw/train/Slice-16_png.rf.ce1d022e50fa4ddafbea3c7e502f2412_mask.png,True
data/roboflow_coco/train/Slice-16_png.rf.d9d84bd03f1b9ab5696bebc5422faa09.jpg,,,,-1,True,data/masks_raw/train/Slice-16_png.rf.d9d84bd03f1b9ab5696bebc5422faa09_mask.png,True
data/roboflow_coco/train/Slice-16_png.rf.e0a37ed6e8db0756a72c63c63e0b384a.jpg,,,,-1,True,data/masks_raw/train/Slice-16_png.rf.e0a37ed6e8db0756a72c63c63e0b384a_mask.png,True
data/roboflow_coco/train/Slice-16_png.rf.e4542897e5cf4ab02e95b208980cf519.jpg,,,,-1,True,data/masks_raw/train/Slice-16_png.rf.e4542897e5cf4ab02e95b208980cf519_mask.png,True
data/roboflow_coco/train/Slice-16_png.rf.e8b8a17b7b43c6c302fb9a628e2b21de.jpg,,,,-1,True,data/masks_raw/train/Slice-16_png.rf.e8b8a17b7b43c6c302fb9a628e2b21de_mask.png,True
data/roboflow_coco/train/Slice-16_png.rf.eb7e662718cfefd1de767f4a898c55a5.jpg,,,,-1,True,data/masks_raw/train/Slice-16_png.rf.eb7e662718cfefd1de767f4a898c55a5_mask.png,True
data/roboflow_coco/train/Slice-16_png.rf.edc8a25a2ed255a8d5bf5e517778fc25.jpg,,,,-1,True,data/masks_raw/train/Slice-16_png.rf.edc8a25a2ed255a8d5bf5e517778fc25_mask.png,True
data/roboflow_coco/train/Slice-16_png.rf.f1f9bc82e40e7a190d581f72b1ff8a9c.jpg,,,,-1,True,data/masks_raw/train/Slice-16_png.rf.f1f9bc82e40e7a190d581f72b1ff8a9c_mask.png,True
data/roboflow_coco/train/Slice-16_png.rf.fba9595d3ad5e789b178a1bfbd7c85c6.jpg,,,,-1,True,data/masks_raw/train/Slice-16_png.rf.fba9595d3ad5e789b178a1bfbd7c85c6_mask.png,True
data/roboflow_coco/train/Slice-17_png.rf.042b6b76c0c1e624a18d7ec5b9b29dc6.jpg,,,,-1,True,data/masks_raw/train/Slice-17_png.rf.042b6b76c0c1e624a18d7ec5b9b29dc6_mask.png,True
data/roboflow_coco/train/Slice-17_png.rf.07ae65debf6faf47bf4143627240db8d.jpg,,,,-1,True,data/masks_raw/train/Slice-17_png.rf.07ae65debf6faf47bf4143627240db8d_mask.png,True
data/roboflow_coco/train/Slice-17_png.rf.08110bfff4e0136cd5d58adacfb5ea02.jpg,,,,-1,True,data/masks_raw/train/Slice-17_png.rf.08110bfff4e0136cd5d58adacfb5ea02_mask.png,True
data/roboflow_coco/train/Slice-17_png.rf.08c4afbb956ff96286c824c4cebb13e2.jpg,,,,-1,True,data/masks_raw/train/Slice-17_png.rf.08c4afbb956ff96286c824c4cebb13e2_mask.png,True
data/roboflow_coco/train/Slice-17_png.rf.1700d4065b64a17e7eaccaebb88b7f5d.jpg,,,,-1,True,data/masks_raw/train/Slice-17_png.rf.1700d4065b64a17e7eaccaebb88b7f5d_mask.png,True
data/roboflow_coco/train/Slice-17_png.rf.1a0668a3d2584bc51e43d169ccc5a1c4.jpg,,,,-1,True,data/masks_raw/train/Slice-17_png.rf.1a0668a3d2584bc51e43d169ccc5a1c4_mask.png,True
data/roboflow_coco/train/Slice-17_png.rf.230c3034608ffbdddc67da7893265a90.jpg,,,,-1,True,data/masks_raw/train/Slice-17_png.rf.230c3034608ffbdddc67da7893265a90_mask.png,True
data/roboflow_coco/train/Slice-17_png.rf.2ae018f2d5303a0184b42ef81a07ff57.jpg,,,,-1,True,data/masks_raw/train/Slice-17_png.rf.2ae018f2d5303a0184b42ef81a07ff57_mask.png,True
data/roboflow_coco/train/Slice-17_png.rf.2c8374b3b6bd4a385520bbd7e0c55226.jpg,,,,-1,True,data/masks_raw/train/Slice-17_png.rf.2c8374b3b6bd4a385520bbd7e0c55226_mask.png,True
data/roboflow_coco/train/Slice-17_png.rf.3268767e8e28d121ee6e4a7c80518b4c.jpg,,,,-1,True,data/masks_raw/train/Slice-17_png.rf.3268767e8e28d121ee6e4a7c80518b4c_mask.png,True
data/roboflow_coco/train/Slice-17_png.rf.3e6236c3d845faf6045e28395df6d7aa.jpg,,,,-1,True,data/masks_raw/train/Slice-17_png.rf.3e6236c3d845faf6045e28395df6d7aa_mask.png,True
data/roboflow_coco/train/Slice-17_png.rf.44504c16179eeba935e4396617d6beee.jpg,,,,-1,True,data/masks_raw/train/Slice-17_png.rf.44504c16179eeba935e4396617d6beee_mask.png,True
data/roboflow_coco/train/Slice-17_png.rf.457b88384082263b497061251a97c650.jpg,,,,-1,True,data/masks_raw/train/Slice-17_png.rf.457b88384082263b497061251a97c650_mask.png,True
data/roboflow_coco/train/Slice-17_png.rf.4bdcd4a68b354e1546e91db48ac0ea3e.jpg,,,,-1,True,data/masks_raw/train/Slice-17_png.rf.4bdcd4a68b354e1546e91db48ac0ea3e_mask.png,True
data/roboflow_coco/train/Slice-17_png.rf.57ae379eb4006c04bbacbf2ad97e5161.jpg,,,,-1,True,data/masks_raw/train/Slice-17_png.rf.57ae379eb4006c04bbacbf2ad97e5161_mask.png,True
data/roboflow_coco/train/Slice-17_png.rf.598196294a0d64e3d1ecd9f0ea10a49c.jpg,,,,-1,True,data/masks_raw/train/Slice-17_png.rf.598196294a0d64e3d1ecd9f0ea10a49c_mask.png,True
data/roboflow_coco/train/Slice-17_png.rf.5fa34e8de9aa874d93a7f4904b1cece5.jpg,,,,-1,True,data/masks_raw/train/Slice-17_png.rf.5fa34e8de9aa874d93a7f4904b1cece5_mask.png,True
data/roboflow_coco/train/Slice-17_png.rf.65740d413f04eb343bb9d977128f04f2.jpg,,,,-1,True,data/masks_raw/train/Slice-17_png.rf.65740d413f04eb343bb9d977128f04f2_mask.png,True
data/roboflow_coco/train/Slice-17_png.rf.6619b5d0e8a89a3f9f0fff9821677c5f.jpg,,,,-1,True,data/masks_raw/train/Slice-17_png.rf.6619b5d0e8a89a3f9f0fff9821677c5f_mask.png,True
data/roboflow_coco/train/Slice-17_png.rf.663cdab7e6d83d3db20b33de11e4e3f5.jpg,,,,-1,True,data/masks_raw/train/Slice-17_png.rf.663cdab7e6d83d3db20b33de11e4e3f5_mask.png,True
data/roboflow_coco/train/Slice-17_png.rf.6864e09c41b9629904d9bcb1d6645de5.jpg,,,,-1,True,data/masks_raw/train/Slice-17_png.rf.6864e09c41b9629904d9bcb1d6645de5_mask.png,True
data/roboflow_coco/train/Slice-17_png.rf.6979a6297cae7d84d1385bf9073cc591.jpg,,,,-1,True,data/masks_raw/train/Slice-17_png.rf.6979a6297cae7d84d1385bf9073cc591_mask.png,True
data/roboflow_coco/train/Slice-17_png.rf.6c86ec4790781f5a62e1dee3266ae9e6.jpg,,,,-1,True,data/masks_raw/train/Slice-17_png.rf.6c86ec4790781f5a62e1dee3266ae9e6_mask.png,True
data/roboflow_coco/train/Slice-17_png.rf.6d78c5530f62a78234190f3b8f80cdd0.jpg,,,,-1,True,data/masks_raw/train/Slice-17_png.rf.6d78c5530f62a78234190f3b8f80cdd0_mask.png,True
data/roboflow_coco/train/Slice-17_png.rf.6f00e93985d4b403a2457b79c5ac3529.jpg,,,,-1,True,data/masks_raw/train/Slice-17_png.rf.6f00e93985d4b403a2457b79c5ac3529_mask.png,True
data/roboflow_coco/train/Slice-17_png.rf.702f5fa2b4830c11473a12efc658b397.jpg,,,,-1,True,data/masks_raw/train/Slice-17_png.rf.702f5fa2b4830c11473a12efc658b397_mask.png,True
data/roboflow_coco/train/Slice-17_png.rf.70ecadf743c95b10ca0091454db8edc0.jpg,,,,-1,True,data/masks_raw/train/Slice-17_png.rf.70ecadf743c95b10ca0091454db8edc0_mask.png,True
data/roboflow_coco/train/Slice-17_png.rf.71704536a5fa3a1302e61208fe857fdf.jpg,,,,-1,True,data/masks_raw/train/Slice-17_png.rf.71704536a5fa3a1302e61208fe857fdf_mask.png,True
data/roboflow_coco/train/Slice-17_png.rf.7357693c3e8e3a43148055a1a5fef4ed.jpg,,,,-1,True,data/masks_raw/train/Slice-17_png.rf.7357693c3e8e3a43148055a1a5fef4ed_mask.png,True
data/roboflow_coco/train/Slice-17_png.rf.73daacceec94e7e095c33126e5b58503.jpg,,,,-1,True,data/masks_raw/train/Slice-17_png.rf.73daacceec94e7e095c33126e5b58503_mask.png,True
data/roboflow_coco/train/Slice-17_png.rf.7ec729c5a491232b2f186e321c6b130f.jpg,,,,-1,True,data/masks_raw/train/Slice-17_png.rf.7ec729c5a491232b2f186e321c6b130f_mask.png,True
data/roboflow_coco/train/Slice-17_png.rf.813036f4c1c2b1c676f6ab8b91328939.jpg,,,,-1,True,data/masks_raw/train/Slice-17_png.rf.813036f4c1c2b1c676f6ab8b91328939_mask.png,True
data/roboflow_coco/train/Slice-17_png.rf.8a3be878cabe47cfa71ac73b8bf2771d.jpg,,,,-1,True,data/masks_raw/train/Slice-17_png.rf.8a3be878cabe47cfa71ac73b8bf2771d_mask.png,True
data/roboflow_coco/train/Slice-17_png.rf.8c14c6e812dc4149d024821b6d7d58e7.jpg,,,,-1,True,data/masks_raw/train/Slice-17_png.rf.8c14c6e812dc4149d024821b6d7d58e7_mask.png,True
data/roboflow_coco/train/Slice-17_png.rf.8d0d3977b17df950e311c76614910c3a.jpg,,,,-1,True,data/masks_raw/train/Slice-17_png.rf.8d0d3977b17df950e311c76614910c3a_mask.png,True
data/roboflow_coco/train/Slice-17_png.rf.8f2ae0b376fa48ead34661580f01cdc8.jpg,,,,-1,True,data/masks_raw/train/Slice-17_png.rf.8f2ae0b376fa48ead34661580f01cdc8_mask.png,True
data/roboflow_coco/train/Slice-17_png.rf.9055056ed0c17dc24ccdf4eb901b41ec.jpg,,,,-1,True,data/masks_raw/train/Slice-17_png.rf.9055056ed0c17dc24ccdf4eb901b41ec_mask.png,True
data/roboflow_coco/train/Slice-17_png.rf.93f099e726988c7bcbb9541ce628f7a8.jpg,,,,-1,True,data/masks_raw/train/Slice-17_png.rf.93f099e726988c7bcbb9541ce628f7a8_mask.png,True
data/roboflow_coco/train/Slice-17_png.rf.9421018103d53604f90b190246439472.jpg,,,,-1,True,data/masks_raw/train/Slice-17_png.rf.9421018103d53604f90b190246439472_mask.png,True
data/roboflow_coco/train/Slice-17_png.rf.946e2a5e670b296c3ce73abad8148f58.jpg,,,,-1,True,data/masks_raw/train/Slice-17_png.rf.946e2a5e670b296c3ce73abad8148f58_mask.png,True
data/roboflow_coco/train/Slice-17_png.rf.9ade6dc6497bb5a6f3407004261d9efc.jpg,,,,-1,True,data/masks_raw/train/Slice-17_png.rf.9ade6dc6497bb5a6f3407004261d9efc_mask.png,True
data/roboflow_coco/train/Slice-17_png.rf.9c4b1cc55932d424fcb1aa456c121163.jpg,,,,-1,True,data/masks_raw/train/Slice-17_png.rf.9c4b1cc55932d424fcb1aa456c121163_mask.png,True
data/roboflow_coco/train/Slice-17_png.rf.9dbba53215e69ceefa6a6ae7bde8b4c7.jpg,,,,-1,True,data/masks_raw/train/Slice-17_png.rf.9dbba53215e69ceefa6a6ae7bde8b4c7_mask.png,True
data/roboflow_coco/train/Slice-17_png.rf.a20c8e9464425f93aa6a61a680842272.jpg,,,,-1,True,data/masks_raw/train/Slice-17_png.rf.a20c8e9464425f93aa6a61a680842272_mask.png,True
data/roboflow_coco/train/Slice-17_png.rf.a3d3351d447696c08279c9162b6251ed.jpg,,,,-1,True,data/masks_raw/train/Slice-17_png.rf.a3d3351d447696c08279c9162b6251ed_mask.png,True
data/roboflow_coco/train/Slice-17_png.rf.aa2b8d65754e4ee54a1a328983215879.jpg,,,,-1,True,data/masks_raw/train/Slice-17_png.rf.aa2b8d65754e4ee54a1a328983215879_mask.png,True
data/roboflow_coco/train/Slice-17_png.rf.ab545eba883fe33f92c1e54f5b688c22.jpg,,,,-1,True,data/masks_raw/train/Slice-17_png.rf.ab545eba883fe33f92c1e54f5b688c22_mask.png,True
data/roboflow_coco/train/Slice-17_png.rf.ac4b88e74355423af9c20679df5ed1f3.jpg,,,,-1,True,data/masks_raw/train/Slice-17_png.rf.ac4b88e74355423af9c20679df5ed1f3_mask.png,True
data/roboflow_coco/train/Slice-17_png.rf.acc4699d57be1768402fe73cd3d07a08.jpg,,,,-1,True,data/masks_raw/train/Slice-17_png.rf.acc4699d57be1768402fe73cd3d07a08_mask.png,True
data/roboflow_coco/train/Slice-17_png.rf.b0be2401fd10e4b2e8c54c17840bb40a.jpg,,,,-1,True,data/masks_raw/train/Slice-17_png.rf.b0be2401fd10e4b2e8c54c17840bb40a_mask.png,True
data/roboflow_coco/train/Slice-17_png.rf.b345c985b715b8823e87051c490853af.jpg,,,,-1,True,data/masks_raw/train/Slice-17_png.rf.b345c985b715b8823e87051c490853af_mask.png,True
data/roboflow_coco/train/Slice-17_png.rf.b72e343f4508f0c7d667eb6497d780f5.jpg,,,,-1,True,data/masks_raw/train/Slice-17_png.rf.b72e343f4508f0c7d667eb6497d780f5_mask.png,True
data/roboflow_coco/train/Slice-17_png.rf.baf5bf817799a21eff8d43cea4b6fa30.jpg,,,,-1,True,data/masks_raw/train/Slice-17_png.rf.baf5bf817799a21eff8d43cea4b6fa30_mask.png,True
data/roboflow_coco/train/Slice-17_png.rf.c59c1fe04e341111dce7722d8cf8840f.jpg,,,,-1,True,data/masks_raw/train/Slice-17_png.rf.c59c1fe04e341111dce7722d8cf8840f_mask.png,True
data/roboflow_coco/train/Slice-17_png.rf.c633b7a7beff82970110f191cbe9002f.jpg,,,,-1,True,data/masks_raw/train/Slice-17_png.rf.c633b7a7beff82970110f191cbe9002f_mask.png,True
data/roboflow_coco/train/Slice-17_png.rf.c646f0bf9d31634ec65d1569d3db27fe.jpg,,,,-1,True,data/masks_raw/train/Slice-17_png.rf.c646f0bf9d31634ec65d1569d3db27fe_mask.png,True
data/roboflow_coco/train/Slice-17_png.rf.cb103b390edcfd582c687942f35e58ed.jpg,,,,-1,True,data/masks_raw/train/Slice-17_png.rf.cb103b390edcfd582c687942f35e58ed_mask.png,True
data/roboflow_coco/train/Slice-17_png.rf.cc1c019a4d966cb86edd39c7790326f8.jpg,,,,-1,True,data/masks_raw/train/Slice-17_png.rf.cc1c019a4d966cb86edd39c7790326f8_mask.png,True
data/roboflow_coco/train/Slice-17_png.rf.d31cf17e705c3d1c050a1e9ed144018f.jpg,,,,-1,True,data/masks_raw/train/Slice-17_png.rf.d31cf17e705c3d1c050a1e9ed144018f_mask.png,True
data/roboflow_coco/train/Slice-17_png.rf.d569425e1ae0f215f335f9b45be01f9e.jpg,,,,-1,True,data/masks_raw/train/Slice-17_png.rf.d569425e1ae0f215f335f9b45be01f9e_mask.png,True
data/roboflow_coco/train/Slice-17_png.rf.d6f8bbdddc94d54898425ca4526fd1f3.jpg,,,,-1,True,data/masks_raw/train/Slice-17_png.rf.d6f8bbdddc94d54898425ca4526fd1f3_mask.png,True
data/roboflow_coco/train/Slice-17_png.rf.d72935b75b56cdcfc191f0f1f5789b49.jpg,,,,-1,True,data/masks_raw/train/Slice-17_png.rf.d72935b75b56cdcfc191f0f1f5789b49_mask.png,True
data/roboflow_coco/train/Slice-17_png.rf.e57e73a32d3383e92dfe829ce6c14f86.jpg,,,,-1,True,data/masks_raw/train/Slice-17_png.rf.e57e73a32d3383e92dfe829ce6c14f86_mask.png,True
data/roboflow_coco/train/Slice-17_png.rf.e85b75e0fac3aa66ea7d6d0235b72766.jpg,,,,-1,True,data/masks_raw/train/Slice-17_png.rf.e85b75e0fac3aa66ea7d6d0235b72766_mask.png,True
data/roboflow_coco/train/Slice-17_png.rf.e9df27da22ddcbe63b0dcd021d348774.jpg,,,,-1,True,data/masks_raw/train/Slice-17_png.rf.e9df27da22ddcbe63b0dcd021d348774_mask.png,True
data/roboflow_coco/train/Slice-17_png.rf.eab026437a69c60253a91b250ba06d80.jpg,,,,-1,True,data/masks_raw/train/Slice-17_png.rf.eab026437a69c60253a91b250ba06d80_mask.png,True
data/roboflow_coco/train/Slice-17_png.rf.ec0e657e43d0256bb64f53de44def6fd.jpg,,,,-1,True,data/masks_raw/train/Slice-17_png.rf.ec0e657e43d0256bb64f53de44def6fd_mask.png,True
data/roboflow_coco/train/Slice-17_png.rf.ed6d023593cc834b5bc4909b8f7d06e5.jpg,,,,-1,True,data/masks_raw/train/Slice-17_png.rf.ed6d023593cc834b5bc4909b8f7d06e5_mask.png,True
data/roboflow_coco/train/Slice-17_png.rf.ee6b0a77d821f378736ed2359d029bac.jpg,,,,-1,True,data/masks_raw/train/Slice-17_png.rf.ee6b0a77d821f378736ed2359d029bac_mask.png,True
data/roboflow_coco/train/Slice-17_png.rf.f137f757f4ded336f8e7a8dd0ea93831.jpg,,,,-1,True,data/masks_raw/train/Slice-17_png.rf.f137f757f4ded336f8e7a8dd0ea93831_mask.png,True
data/roboflow_coco/train/Slice-17_png.rf.f629188d0121af8edf028439bdb54a3a.jpg,,,,-1,True,data/masks_raw/train/Slice-17_png.rf.f629188d0121af8edf028439bdb54a3a_mask.png,True
data/roboflow_coco/train/Slice-17_png.rf.fad910bedffad37829708d4e71e5fa8b.jpg,,,,-1,True,data/masks_raw/train/Slice-17_png.rf.fad910bedffad37829708d4e71e5fa8b_mask.png,True
data/roboflow_coco/train/Slice-17_png.rf.fe1ff021cf9388ee41c480a6881402cf.jpg,,,,-1,True,data/masks_raw/train/Slice-17_png.rf.fe1ff021cf9388ee41c480a6881402cf_mask.png,True
data/roboflow_coco/train/Slice-18-_png.rf.28e1932e462dbc96a851c89ca8e63220.jpg,,,,-1,True,data/masks_raw/train/Slice-18-_png.rf.28e1932e462dbc96a851c89ca8e63220_mask.png,True
data/roboflow_coco/train/Slice-18_png.rf.004fa3c6d034c534a4cdd303183110b7.jpg,,,,-1,True,data/masks_raw/train/Slice-18_png.rf.004fa3c6d034c534a4cdd303183110b7_mask.png,True
data/roboflow_coco/train/Slice-18_png.rf.06224f7c02c97edd9ac3e497167d37b7.jpg,,,,-1,True,data/masks_raw/train/Slice-18_png.rf.06224f7c02c97edd9ac3e497167d37b7_mask.png,True
data/roboflow_coco/train/Slice-18_png.rf.12f3f8e4f49de90ba31127d02a62e669.jpg,,,,-1,True,data/masks_raw/train/Slice-18_png.rf.12f3f8e4f49de90ba31127d02a62e669_mask.png,True
data/roboflow_coco/train/Slice-18_png.rf.135e9899ec7ae20522be14c1a4640459.jpg,,,,-1,True,data/masks_raw/train/Slice-18_png.rf.135e9899ec7ae20522be14c1a4640459_mask.png,True
data/roboflow_coco/train/Slice-18_png.rf.13d4058e3c1b3782cfcc7653df0e11d2.jpg,,,,-1,True,data/masks_raw/train/Slice-18_png.rf.13d4058e3c1b3782cfcc7653df0e11d2_mask.png,True
data/roboflow_coco/train/Slice-18_png.rf.1fd7fa74bd36319c37d6b671d4a7f902.jpg,,,,-1,True,data/masks_raw/train/Slice-18_png.rf.1fd7fa74bd36319c37d6b671d4a7f902_mask.png,True
data/roboflow_coco/train/Slice-18_png.rf.254ad1922b36ccdd371bd278d97f20e5.jpg,,,,-1,True,data/masks_raw/train/Slice-18_png.rf.254ad1922b36ccdd371bd278d97f20e5_mask.png,True
data/roboflow_coco/train/Slice-18_png.rf.282fe809d47890f451270e3e41c6850a.jpg,,,,-1,True,data/masks_raw/train/Slice-18_png.rf.282fe809d47890f451270e3e41c6850a_mask.png,True
data/roboflow_coco/train/Slice-18_png.rf.2be6a7b253b02adbc1c2611d3b9a7a5e.jpg,,,,-1,True,data/masks_raw/train/Slice-18_png.rf.2be6a7b253b02adbc1c2611d3b9a7a5e_mask.png,True
data/roboflow_coco/train/Slice-18_png.rf.2c649af772c1b3304734983241f10351.jpg,,,,-1,True,data/masks_raw/train/Slice-18_png.rf.2c649af772c1b3304734983241f10351_mask.png,True
data/roboflow_coco/train/Slice-18_png.rf.3dec0a24837bf7bd805ee8d63fd4b579.jpg,,,,-1,True,data/masks_raw/train/Slice-18_png.rf.3dec0a24837bf7bd805ee8d63fd4b579_mask.png,True
data/roboflow_coco/train/Slice-18_png.rf.418f1e8c51537ad4ada355b58e144650.jpg,,,,-1,True,data/masks_raw/train/Slice-18_png.rf.418f1e8c51537ad4ada355b58e144650_mask.png,True
data/roboflow_coco/train/Slice-18_png.rf.41e76d1bbaefe02f9bd79ad28ffcf391.jpg,,,,-1,True,data/masks_raw/train/Slice-18_png.rf.41e76d1bbaefe02f9bd79ad28ffcf391_mask.png,True
data/roboflow_coco/train/Slice-18_png.rf.4217b7d58b589df3b32d877a024f2441.jpg,,,,-1,True,data/masks_raw/train/Slice-18_png.rf.4217b7d58b589df3b32d877a024f2441_mask.png,True
data/roboflow_coco/train/Slice-18_png.rf.4290e4db9923b1a3a1406dddf98a5363.jpg,,,,-1,True,data/masks_raw/train/Slice-18_png.rf.4290e4db9923b1a3a1406dddf98a5363_mask.png,True
data/roboflow_coco/train/Slice-18_png.rf.44167c87574b089c307df06318871039.jpg,,,,-1,True,data/masks_raw/train/Slice-18_png.rf.44167c87574b089c307df06318871039_mask.png,True
data/roboflow_coco/train/Slice-18_png.rf.49027d437b5cb7196beaced3fb072ba9.jpg,,,,-1,True,data/masks_raw/train/Slice-18_png.rf.49027d437b5cb7196beaced3fb072ba9_mask.png,True
data/roboflow_coco/train/Slice-18_png.rf.499c10688c211b83dc786bacf00bc587.jpg,,,,-1,True,data/masks_raw/train/Slice-18_png.rf.499c10688c211b83dc786bacf00bc587_mask.png,True
data/roboflow_coco/train/Slice-18_png.rf.4de47472228da1b18219a61e43e9a608.jpg,,,,-1,True,data/masks_raw/train/Slice-18_png.rf.4de47472228da1b18219a61e43e9a608_mask.png,True
data/roboflow_coco/train/Slice-18_png.rf.534c9a968b36a0d176806f848bf20781.jpg,,,,-1,True,data/masks_raw/train/Slice-18_png.rf.534c9a968b36a0d176806f848bf20781_mask.png,True
data/roboflow_coco/train/Slice-18_png.rf.553cc7ad0d535d82b89c11e7c8266c18.jpg,,,,-1,True,data/masks_raw/train/Slice-18_png.rf.553cc7ad0d535d82b89c11e7c8266c18_mask.png,True
data/roboflow_coco/train/Slice-18_png.rf.56b7c727873659fd7f466392f64c1dd8.jpg,,,,-1,True,data/masks_raw/train/Slice-18_png.rf.56b7c727873659fd7f466392f64c1dd8_mask.png,True
data/roboflow_coco/train/Slice-18_png.rf.589afd118b884fe368bcee062f3a0400.jpg,,,,-1,True,data/masks_raw/train/Slice-18_png.rf.589afd118b884fe368bcee062f3a0400_mask.png,True
data/roboflow_coco/train/Slice-18_png.rf.5bdd55303331f0bf87555dcb1e8eefdb.jpg,,,,-1,True,data/masks_raw/train/Slice-18_png.rf.5bdd55303331f0bf87555dcb1e8eefdb_mask.png,True
data/roboflow_coco/train/Slice-18_png.rf.5ccf565e9cae7462e3d68d27e287ef58.jpg,,,,-1,True,data/masks_raw/train/Slice-18_png.rf.5ccf565e9cae7462e3d68d27e287ef58_mask.png,True
data/roboflow_coco/train/Slice-18_png.rf.5ddb3a9e9066b958087a1039fb8c87d0.jpg,,,,-1,True,data/masks_raw/train/Slice-18_png.rf.5ddb3a9e9066b958087a1039fb8c87d0_mask.png,True
data/roboflow_coco/train/Slice-18_png.rf.61953ecb75fdd61f503fb75c06fc5cd4.jpg,,,,-1,True,data/masks_raw/train/Slice-18_png.rf.61953ecb75fdd61f503fb75c06fc5cd4_mask.png,True
data/roboflow_coco/train/Slice-18_png.rf.63849b5c503a8ee9681c22ef40cf94d6.jpg,,,,-1,True,data/masks_raw/train/Slice-18_png.rf.63849b5c503a8ee9681c22ef40cf94d6_mask.png,True
data/roboflow_coco/train/Slice-18_png.rf.66a01d908c0fb861b9d5433c7898d7df.jpg,,,,-1,True,data/masks_raw/train/Slice-18_png.rf.66a01d908c0fb861b9d5433c7898d7df_mask.png,True
data/roboflow_coco/train/Slice-18_png.rf.69f70d4a4cb0a2f59d1cf67db0897737.jpg,,,,-1,True,data/masks_raw/train/Slice-18_png.rf.69f70d4a4cb0a2f59d1cf67db0897737_mask.png,True
data/roboflow_coco/train/Slice-18_png.rf.6eea1d3dd2f0d7a2947da2aef0ecaf96.jpg,,,,-1,True,data/masks_raw/train/Slice-18_png.rf.6eea1d3dd2f0d7a2947da2aef0ecaf96_mask.png,True
data/roboflow_coco/train/Slice-18_png.rf.74755020c6f2f66fca36890163944eb4.jpg,,,,-1,True,data/masks_raw/train/Slice-18_png.rf.74755020c6f2f66fca36890163944eb4_mask.png,True
data/roboflow_coco/train/Slice-18_png.rf.809f57438eb5d1271b7911af53beb46b.jpg,,,,-1,True,data/masks_raw/train/Slice-18_png.rf.809f57438eb5d1271b7911af53beb46b_mask.png,True
data/roboflow_coco/train/Slice-18_png.rf.80b386b5a1257746b44396e5b333614f.jpg,,,,-1,True,data/masks_raw/train/Slice-18_png.rf.80b386b5a1257746b44396e5b333614f_mask.png,True
data/roboflow_coco/train/Slice-18_png.rf.80b7f6b8fc2ed45fa154cf172e6b3efa.jpg,,,,-1,True,data/masks_raw/train/Slice-18_png.rf.80b7f6b8fc2ed45fa154cf172e6b3efa_mask.png,True
data/roboflow_coco/train/Slice-18_png.rf.81b7d325d12f42041fae5df2faa7b825.jpg,,,,-1,True,data/masks_raw/train/Slice-18_png.rf.81b7d325d12f42041fae5df2faa7b825_mask.png,True
data/roboflow_coco/train/Slice-18_png.rf.895592310cb41488c913d0fbfeda9250.jpg,,,,-1,True,data/masks_raw/train/Slice-18_png.rf.895592310cb41488c913d0fbfeda9250_mask.png,True
data/roboflow_coco/train/Slice-18_png.rf.8b99cd58ac1c9fef83fc30fbe972a0ad.jpg,,,,-1,True,data/masks_raw/train/Slice-18_png.rf.8b99cd58ac1c9fef83fc30fbe972a0ad_mask.png,True
data/roboflow_coco/train/Slice-18_png.rf.8f3d0a048e07be7d5adba774abcbeaa7.jpg,,,,-1,True,data/masks_raw/train/Slice-18_png.rf.8f3d0a048e07be7d5adba774abcbeaa7_mask.png,True
data/roboflow_coco/train/Slice-18_png.rf.90f136735e257c3ea509cb4741f7955b.jpg,,,,-1,True,data/masks_raw/train/Slice-18_png.rf.90f136735e257c3ea509cb4741f7955b_mask.png,True
data/roboflow_coco/train/Slice-18_png.rf.910f8847e2ef3d3ae8b5f26c25cb1633.jpg,,,,-1,True,data/masks_raw/train/Slice-18_png.rf.910f8847e2ef3d3ae8b5f26c25cb1633_mask.png,True
data/roboflow_coco/train/Slice-18_png.rf.925f5f72f137ef6cbe55a729f4f0ebea.jpg,,,,-1,True,data/masks_raw/train/Slice-18_png.rf.925f5f72f137ef6cbe55a729f4f0ebea_mask.png,True
data/roboflow_coco/train/Slice-18_png.rf.926639541d6cb764deb05d23e1743abe.jpg,,,,-1,True,data/masks_raw/train/Slice-18_png.rf.926639541d6cb764deb05d23e1743abe_mask.png,True
data/roboflow_coco/train/Slice-18_png.rf.97b2e6e123c6696cf9bfca21f681a5f3.jpg,,,,-1,True,data/masks_raw/train/Slice-18_png.rf.97b2e6e123c6696cf9bfca21f681a5f3_mask.png,True
data/roboflow_coco/train/Slice-18_png.rf.980f643b02ff10b87ff726858be7af1f.jpg,,,,-1,True,data/masks_raw/train/Slice-18_png.rf.980f643b02ff10b87ff726858be7af1f_mask.png,True
data/roboflow_coco/train/Slice-18_png.rf.9a718fde189f92def41da718d09c576c.jpg,,,,-1,True,data/masks_raw/train/Slice-18_png.rf.9a718fde189f92def41da718d09c576c_mask.png,True
data/roboflow_coco/train/Slice-18_png.rf.9ad70fccc872f9272a067b70a9798708.jpg,,,,-1,True,data/masks_raw/train/Slice-18_png.rf.9ad70fccc872f9272a067b70a9798708_mask.png,True
data/roboflow_coco/train/Slice-18_png.rf.a72bde420e8396adb94e1ee2389eb2d1.jpg,,,,-1,True,data/masks_raw/train/Slice-18_png.rf.a72bde420e8396adb94e1ee2389eb2d1_mask.png,True
data/roboflow_coco/train/Slice-18_png.rf.ae54ba7732241f79a48ea1e1d4758ec7.jpg,,,,-1,True,data/masks_raw/train/Slice-18_png.rf.ae54ba7732241f79a48ea1e1d4758ec7_mask.png,True
data/roboflow_coco/train/Slice-18_png.rf.af2bbb88284a5f54014237fe4be06fce.jpg,,,,-1,True,data/masks_raw/train/Slice-18_png.rf.af2bbb88284a5f54014237fe4be06fce_mask.png,True
data/roboflow_coco/train/Slice-18_png.rf.af680f0738037dc5f8902275f9ad0828.jpg,,,,-1,True,data/masks_raw/train/Slice-18_png.rf.af680f0738037dc5f8902275f9ad0828_mask.png,True
data/roboflow_coco/train/Slice-18_png.rf.b21b67d394cc728a12cee831583fb68c.jpg,,,,-1,True,data/masks_raw/train/Slice-18_png.rf.b21b67d394cc728a12cee831583fb68c_mask.png,True
data/roboflow_coco/train/Slice-18_png.rf.b693e2bc43084ca038c3d8ff7163c966.jpg,,,,-1,True,data/masks_raw/train/Slice-18_png.rf.b693e2bc43084ca038c3d8ff7163c966_mask.png,True
data/roboflow_coco/train/Slice-18_png.rf.bc5cda6a6c528b4ce4d6fa05a0ef405b.jpg,,,,-1,True,data/masks_raw/train/Slice-18_png.rf.bc5cda6a6c528b4ce4d6fa05a0ef405b_mask.png,True
data/roboflow_coco/train/Slice-18_png.rf.c799e4365e5d24a7639845fa770dd028.jpg,,,,-1,True,data/masks_raw/train/Slice-18_png.rf.c799e4365e5d24a7639845fa770dd028_mask.png,True
data/roboflow_coco/train/Slice-18_png.rf.cafccbe69e8f948ce85f22bd07dd8b63.jpg,,,,-1,True,data/masks_raw/train/Slice-18_png.rf.cafccbe69e8f948ce85f22bd07dd8b63_mask.png,True
data/roboflow_coco/train/Slice-18_png.rf.cd23f9920c317ddac6689093ed8a0bf1.jpg,,,,-1,True,data/masks_raw/train/Slice-18_png.rf.cd23f9920c317ddac6689093ed8a0bf1_mask.png,True
data/roboflow_coco/train/Slice-18_png.rf.cf26a6c6306c6db6a2b2d250baf0e43c.jpg,,,,-1,True,data/masks_raw/train/Slice-18_png.rf.cf26a6c6306c6db6a2b2d250baf0e43c_mask.png,True
data/roboflow_coco/train/Slice-18_png.rf.d227edc51175cec48b06ba71c58076f7.jpg,,,,-1,True,data/masks_raw/train/Slice-18_png.rf.d227edc51175cec48b06ba71c58076f7_mask.png,True
data/roboflow_coco/train/Slice-18_png.rf.e0f06d087ffec327c40d45114c28faff.jpg,,,,-1,True,data/masks_raw/train/Slice-18_png.rf.e0f06d087ffec327c40d45114c28faff_mask.png,True
data/roboflow_coco/train/Slice-18_png.rf.e55291787e04a719e19f3f20ed5f6448.jpg,,,,-1,True,data/masks_raw/train/Slice-18_png.rf.e55291787e04a719e19f3f20ed5f6448_mask.png,True
data/roboflow_coco/train/Slice-18_png.rf.e7e5d3a552d0a4fed5b2e3f9d7302729.jpg,,,,-1,True,data/masks_raw/train/Slice-18_png.rf.e7e5d3a552d0a4fed5b2e3f9d7302729_mask.png,True
data/roboflow_coco/train/Slice-18_png.rf.f14d0c7fe1f1900dbf8c5c33910cfb03.jpg,,,,-1,True,data/masks_raw/train/Slice-18_png.rf.f14d0c7fe1f1900dbf8c5c33910cfb03_mask.png,True
data/roboflow_coco/train/Slice-18_png.rf.f32f03ba9e9346a8b4e4e481ab2cdbca.jpg,,,,-1,True,data/masks_raw/train/Slice-18_png.rf.f32f03ba9e9346a8b4e4e481ab2cdbca_mask.png,True
data/roboflow_coco/train/Slice-18_png.rf.fa3e80e3d2e919aa49efe9440491b779.jpg,,,,-1,True,data/masks_raw/train/Slice-18_png.rf.fa3e80e3d2e919aa49efe9440491b779_mask.png,True
data/roboflow_coco/train/Slice-18_png.rf.feeeca2153a2ae9ecab49798e809ec85.jpg,,,,-1,True,data/masks_raw/train/Slice-18_png.rf.feeeca2153a2ae9ecab49798e809ec85_mask.png,True
data/roboflow_coco/train/Slice-19-_png.rf.4fe4d4e2e8d7ab66154e5c85ff7eb0e7.jpg,,,,-1,True,data/masks_raw/train/Slice-19-_png.rf.4fe4d4e2e8d7ab66154e5c85ff7eb0e7_mask.png,True
data/roboflow_coco/train/Slice-19_png.rf.054a9ce4b4c73b860466378ac118d804.jpg,,,,-1,True,data/masks_raw/train/Slice-19_png.rf.054a9ce4b4c73b860466378ac118d804_mask.png,True
data/roboflow_coco/train/Slice-19_png.rf.05822eaf14928f134d00e4e238f2d896.jpg,,,,-1,True,data/masks_raw/train/Slice-19_png.rf.05822eaf14928f134d00e4e238f2d896_mask.png,True
data/roboflow_coco/train/Slice-19_png.rf.0640cfe7325fdfb71dcec0d3aefeb1e5.jpg,,,,-1,True,data/masks_raw/train/Slice-19_png.rf.0640cfe7325fdfb71dcec0d3aefeb1e5_mask.png,True
data/roboflow_coco/train/Slice-19_png.rf.079b653a6d909649a088f90fe4c73fbc.jpg,,,,-1,True,data/masks_raw/train/Slice-19_png.rf.079b653a6d909649a088f90fe4c73fbc_mask.png,True
data/roboflow_coco/train/Slice-19_png.rf.0ddb739914b787c25d448badd0b8cee0.jpg,,,,-1,True,data/masks_raw/train/Slice-19_png.rf.0ddb739914b787c25d448badd0b8cee0_mask.png,True
data/roboflow_coco/train/Slice-19_png.rf.0f9b663a549475fc669bf9bf39cf1962.jpg,,,,-1,True,data/masks_raw/train/Slice-19_png.rf.0f9b663a549475fc669bf9bf39cf1962_mask.png,True
data/roboflow_coco/train/Slice-19_png.rf.11376b41ff5826c387fd5d0956038884.jpg,,,,-1,True,data/masks_raw/train/Slice-19_png.rf.11376b41ff5826c387fd5d0956038884_mask.png,True
data/roboflow_coco/train/Slice-19_png.rf.15a758f3e0017b1b5f8df94710536af1.jpg,,,,-1,True,data/masks_raw/train/Slice-19_png.rf.15a758f3e0017b1b5f8df94710536af1_mask.png,True
data/roboflow_coco/train/Slice-19_png.rf.1705c1561dbbd469e5cde8e7b803da57.jpg,,,,-1,True,data/masks_raw/train/Slice-19_png.rf.1705c1561dbbd469e5cde8e7b803da57_mask.png,True
data/roboflow_coco/train/Slice-19_png.rf.1ad21654c18c6ed940b5c84e9d485e26.jpg,,,,-1,True,data/masks_raw/train/Slice-19_png.rf.1ad21654c18c6ed940b5c84e9d485e26_mask.png,True
data/roboflow_coco/train/Slice-19_png.rf.2bfb1f2a54c538987c0175105d5424f6.jpg,,,,-1,True,data/masks_raw/train/Slice-19_png.rf.2bfb1f2a54c538987c0175105d5424f6_mask.png,True
data/roboflow_coco/train/Slice-19_png.rf.2d213d9eb25760de50f050c775e73b18.jpg,,,,-1,True,data/masks_raw/train/Slice-19_png.rf.2d213d9eb25760de50f050c775e73b18_mask.png,True
data/roboflow_coco/train/Slice-19_png.rf.33344d1a6119718eceeb9f3184fb5271.jpg,,,,-1,True,data/masks_raw/train/Slice-19_png.rf.33344d1a6119718eceeb9f3184fb5271_mask.png,True
data/roboflow_coco/train/Slice-19_png.rf.34ef92b1d0428db837e3911108659770.jpg,,,,-1,True,data/masks_raw/train/Slice-19_png.rf.34ef92b1d0428db837e3911108659770_mask.png,True
data/roboflow_coco/train/Slice-19_png.rf.39188730f005d66adc320f71a78e3d22.jpg,,,,-1,True,data/masks_raw/train/Slice-19_png.rf.39188730f005d66adc320f71a78e3d22_mask.png,True
data/roboflow_coco/train/Slice-19_png.rf.3ad0e30001f331346148bf6d55064bb9.jpg,,,,-1,True,data/masks_raw/train/Slice-19_png.rf.3ad0e30001f331346148bf6d55064bb9_mask.png,True
data/roboflow_coco/train/Slice-19_png.rf.3c6d46159e31f577c62347fa5d3ec9c1.jpg,,,,-1,True,data/masks_raw/train/Slice-19_png.rf.3c6d46159e31f577c62347fa5d3ec9c1_mask.png,True
data/roboflow_coco/train/Slice-19_png.rf.3f2c0461597d6053a756c3fa368a7bf8.jpg,,,,-1,True,data/masks_raw/train/Slice-19_png.rf.3f2c0461597d6053a756c3fa368a7bf8_mask.png,True
data/roboflow_coco/train/Slice-19_png.rf.426f2b077df3d55da53d35bde5520b14.jpg,,,,-1,True,data/masks_raw/train/Slice-19_png.rf.426f2b077df3d55da53d35bde5520b14_mask.png,True
data/roboflow_coco/train/Slice-19_png.rf.43938307365d6334f0de726e6658a04a.jpg,,,,-1,True,data/masks_raw/train/Slice-19_png.rf.43938307365d6334f0de726e6658a04a_mask.png,True
data/roboflow_coco/train/Slice-19_png.rf.454778a9a498c69213b23afd0d1795b8.jpg,,,,-1,True,data/masks_raw/train/Slice-19_png.rf.454778a9a498c69213b23afd0d1795b8_mask.png,True
data/roboflow_coco/train/Slice-19_png.rf.49bda57409f13de44f05e6d37ca986bd.jpg,,,,-1,True,data/masks_raw/train/Slice-19_png.rf.49bda57409f13de44f05e6d37ca986bd_mask.png,True
data/roboflow_coco/train/Slice-19_png.rf.4cbdf80d97872f5f14d94098834f3a5d.jpg,,,,-1,True,data/masks_raw/train/Slice-19_png.rf.4cbdf80d97872f5f14d94098834f3a5d_mask.png,True
data/roboflow_coco/train/Slice-19_png.rf.4fdbb2840b5f0ccc28767c429da4d2f2.jpg,,,,-1,True,data/masks_raw/train/Slice-19_png.rf.4fdbb2840b5f0ccc28767c429da4d2f2_mask.png,True
data/roboflow_coco/train/Slice-19_png.rf.4fef81212267b4b61a29b8c2939969d3.jpg,,,,-1,True,data/masks_raw/train/Slice-19_png.rf.4fef81212267b4b61a29b8c2939969d3_mask.png,True
data/roboflow_coco/train/Slice-19_png.rf.509e9c816ad48c10b6a0b8c363a6cb34.jpg,,,,-1,True,data/masks_raw/train/Slice-19_png.rf.509e9c816ad48c10b6a0b8c363a6cb34_mask.png,True
data/roboflow_coco/train/Slice-19_png.rf.559cfbd4d1d39199b44b9cc1e2756a41.jpg,,,,-1,True,data/masks_raw/train/Slice-19_png.rf.559cfbd4d1d39199b44b9cc1e2756a41_mask.png,True
data/roboflow_coco/train/Slice-19_png.rf.58396b72b68d4ab2ea556bdcc47eed0c.jpg,,,,-1,True,data/masks_raw/train/Slice-19_png.rf.58396b72b68d4ab2ea556bdcc47eed0c_mask.png,True
data/roboflow_coco/train/Slice-19_png.rf.5c1d5efcf7b22558a0a592667092bad1.jpg,,,,-1,True,data/masks_raw/train/Slice-19_png.rf.5c1d5efcf7b22558a0a592667092bad1_mask.png,True
data/roboflow_coco/train/Slice-19_png.rf.6428ae3dc522d3c0e09c347cf7dd40e9.jpg,,,,-1,True,data/masks_raw/train/Slice-19_png.rf.6428ae3dc522d3c0e09c347cf7dd40e9_mask.png,True
data/roboflow_coco/train/Slice-19_png.rf.650445bba739276d49d64673afc55bd7.jpg,,,,-1,True,data/masks_raw/train/Slice-19_png.rf.650445bba739276d49d64673afc55bd7_mask.png,True
data/roboflow_coco/train/Slice-19_png.rf.67c855a5c2a1af45d498ab32825b27a2.jpg,,,,-1,True,data/masks_raw/train/Slice-19_png.rf.67c855a5c2a1af45d498ab32825b27a2_mask.png,True
data/roboflow_coco/train/Slice-19_png.rf.71da413ba8b66a93edd6c977cf44d6d0.jpg,,,,-1,True,data/masks_raw/train/Slice-19_png.rf.71da413ba8b66a93edd6c977cf44d6d0_mask.png,True
data/roboflow_coco/train/Slice-19_png.rf.7539b7ad5df569e9fbbb800baf161186.jpg,,,,-1,True,data/masks_raw/train/Slice-19_png.rf.7539b7ad5df569e9fbbb800baf161186_mask.png,True
data/roboflow_coco/train/Slice-19_png.rf.759e7d388796e511acd6e539b273ac1e.jpg,,,,-1,True,data/masks_raw/train/Slice-19_png.rf.759e7d388796e511acd6e539b273ac1e_mask.png,True
data/roboflow_coco/train/Slice-19_png.rf.793e45252ed6326b3a143718f13f6d2a.jpg,,,,-1,True,data/masks_raw/train/Slice-19_png.rf.793e45252ed6326b3a143718f13f6d2a_mask.png,True
data/roboflow_coco/train/Slice-19_png.rf.8b103dac76daea777af4bdb6a85336dd.jpg,,,,-1,True,data/masks_raw/train/Slice-19_png.rf.8b103dac76daea777af4bdb6a85336dd_mask.png,True
data/roboflow_coco/train/Slice-19_png.rf.90037f4e310bd68008febff323110d65.jpg,,,,-1,True,data/masks_raw/train/Slice-19_png.rf.90037f4e310bd68008febff323110d65_mask.png,True
data/roboflow_coco/train/Slice-19_png.rf.9197efa3b5840de9bd433133a0714e0e.jpg,,,,-1,True,data/masks_raw/train/Slice-19_png.rf.9197efa3b5840de9bd433133a0714e0e_mask.png,True
data/roboflow_coco/train/Slice-19_png.rf.98a68660d5e4f3fbfdf4e392b80ad4ad.jpg,,,,-1,True,data/masks_raw/train/Slice-19_png.rf.98a68660d5e4f3fbfdf4e392b80ad4ad_mask.png,True
data/roboflow_coco/train/Slice-19_png.rf.991c646f0fb3e73eb49165db7303b878.jpg,,,,-1,True,data/masks_raw/train/Slice-19_png.rf.991c646f0fb3e73eb49165db7303b878_mask.png,True
data/roboflow_coco/train/Slice-19_png.rf.9c11def12183be43b5ad640bc690a32d.jpg,,,,-1,True,data/masks_raw/train/Slice-19_png.rf.9c11def12183be43b5ad640bc690a32d_mask.png,True
data/roboflow_coco/train/Slice-19_png.rf.9c241cb79a7c0acc270a2ad8c73aeee2.jpg,,,,-1,True,data/masks_raw/train/Slice-19_png.rf.9c241cb79a7c0acc270a2ad8c73aeee2_mask.png,True
data/roboflow_coco/train/Slice-19_png.rf.9e6f60f81372913d3947a574388cb72a.jpg,,,,-1,True,data/masks_raw/train/Slice-19_png.rf.9e6f60f81372913d3947a574388cb72a_mask.png,True
data/roboflow_coco/train/Slice-19_png.rf.a81c678d9e93404875acf6244713e7ce.jpg,,,,-1,True,data/masks_raw/train/Slice-19_png.rf.a81c678d9e93404875acf6244713e7ce_mask.png,True
data/roboflow_coco/train/Slice-19_png.rf.aa3933f3b78b3507c569e0258498cffe.jpg,,,,-1,True,data/masks_raw/train/Slice-19_png.rf.aa3933f3b78b3507c569e0258498cffe_mask.png,True
data/roboflow_coco/train/Slice-19_png.rf.aa54113f206a3541b47e113c3049d6e1.jpg,,,,-1,True,data/masks_raw/train/Slice-19_png.rf.aa54113f206a3541b47e113c3049d6e1_mask.png,True
data/roboflow_coco/train/Slice-19_png.rf.addfbb72630423d99af8d393640dae2c.jpg,,,,-1,True,data/masks_raw/train/Slice-19_png.rf.addfbb72630423d99af8d393640dae2c_mask.png,True
data/roboflow_coco/train/Slice-19_png.rf.afef582e11dbd062ed124e2a5baba91c.jpg,,,,-1,True,data/masks_raw/train/Slice-19_png.rf.afef582e11dbd062ed124e2a5baba91c_mask.png,True
data/roboflow_coco/train/Slice-19_png.rf.b1546529718ba5e5fc0f3c20d18c653c.jpg,,,,-1,True,data/masks_raw/train/Slice-19_png.rf.b1546529718ba5e5fc0f3c20d18c653c_mask.png,True
data/roboflow_coco/train/Slice-19_png.rf.ba02e9c60fb0d34f1e8dc2cffcbeef6d.jpg,,,,-1,True,data/masks_raw/train/Slice-19_png.rf.ba02e9c60fb0d34f1e8dc2cffcbeef6d_mask.png,True
data/roboflow_coco/train/Slice-19_png.rf.bc6a96c044ae30717d02010eff72e28d.jpg,,,,-1,True,data/masks_raw/train/Slice-19_png.rf.bc6a96c044ae30717d02010eff72e28d_mask.png,True
data/roboflow_coco/train/Slice-19_png.rf.c12bd406df645e82b934a7682c9feba1.jpg,,,,-1,True,data/masks_raw/train/Slice-19_png.rf.c12bd406df645e82b934a7682c9feba1_mask.png,True
data/roboflow_coco/train/Slice-19_png.rf.c262a167de43fd399eb6544182cb31d1.jpg,,,,-1,True,data/masks_raw/train/Slice-19_png.rf.c262a167de43fd399eb6544182cb31d1_mask.png,True
data/roboflow_coco/train/Slice-19_png.rf.c2784641f5a0d159c50bee4e01ff0c62.jpg,,,,-1,True,data/masks_raw/train/Slice-19_png.rf.c2784641f5a0d159c50bee4e01ff0c62_mask.png,True
data/roboflow_coco/train/Slice-19_png.rf.c36abb4a1c320aba5afb86696e57c524.jpg,,,,-1,True,data/masks_raw/train/Slice-19_png.rf.c36abb4a1c320aba5afb86696e57c524_mask.png,True
data/roboflow_coco/train/Slice-19_png.rf.c3aa83ed6cd5cdd45dadce0d11667f95.jpg,,,,-1,True,data/masks_raw/train/Slice-19_png.rf.c3aa83ed6cd5cdd45dadce0d11667f95_mask.png,True
data/roboflow_coco/train/Slice-19_png.rf.c6cd33db3dde4a1285278797284cc9ad.jpg,,,,-1,True,data/masks_raw/train/Slice-19_png.rf.c6cd33db3dde4a1285278797284cc9ad_mask.png,True
data/roboflow_coco/train/Slice-19_png.rf.c75534d97c195a928e4357018534f88d.jpg,,,,-1,True,data/masks_raw/train/Slice-19_png.rf.c75534d97c195a928e4357018534f88d_mask.png,True
data/roboflow_coco/train/Slice-19_png.rf.c75f478575ae15b82462992c64eb9da4.jpg,,,,-1,True,data/masks_raw/train/Slice-19_png.rf.c75f478575ae15b82462992c64eb9da4_mask.png,True
data/roboflow_coco/train/Slice-19_png.rf.ce4d47711ec387085ae6e9ce99429f4e.jpg,,,,-1,True,data/masks_raw/train/Slice-19_png.rf.ce4d47711ec387085ae6e9ce99429f4e_mask.png,True
data/roboflow_coco/train/Slice-19_png.rf.d27b200535ee72fedfa063e4160e1a63.jpg,,,,-1,True,data/masks_raw/train/Slice-19_png.rf.d27b200535ee72fedfa063e4160e1a63_mask.png,True
data/roboflow_coco/train/Slice-19_png.rf.d43c78b34530849e6b1ec6eabc2cc0ef.jpg,,,,-1,True,data/masks_raw/train/Slice-19_png.rf.d43c78b34530849e6b1ec6eabc2cc0ef_mask.png,True
data/roboflow_coco/train/Slice-19_png.rf.d80d73d5e2b42099c30e393dc6486839.jpg,,,,-1,True,data/masks_raw/train/Slice-19_png.rf.d80d73d5e2b42099c30e393dc6486839_mask.png,True
data/roboflow_coco/train/Slice-19_png.rf.d97ae4021668b6269ec07fc27b7ab4a8.jpg,,,,-1,True,data/masks_raw/train/Slice-19_png.rf.d97ae4021668b6269ec07fc27b7ab4a8_mask.png,True
data/roboflow_coco/train/Slice-19_png.rf.dd83a12b51a657de6c6f9367dbcc2446.jpg,,,,-1,True,data/masks_raw/train/Slice-19_png.rf.dd83a12b51a657de6c6f9367dbcc2446_mask.png,True
data/roboflow_coco/train/Slice-19_png.rf.e85b059b98ecfb95e1f2a1127b002a0a.jpg,,,,-1,True,data/masks_raw/train/Slice-19_png.rf.e85b059b98ecfb95e1f2a1127b002a0a_mask.png,True
data/roboflow_coco/train/Slice-19_png.rf.e9308ffb6b49385f9c398fd0750d974c.jpg,,,,-1,True,data/masks_raw/train/Slice-19_png.rf.e9308ffb6b49385f9c398fd0750d974c_mask.png,True
data/roboflow_coco/train/Slice-19_png.rf.ec43d7159ed6a9c498db0b2b1f9c99b0.jpg,,,,-1,True,data/masks_raw/train/Slice-19_png.rf.ec43d7159ed6a9c498db0b2b1f9c99b0_mask.png,True
data/roboflow_coco/train/Slice-19_png.rf.f13599edb6bd099209b65928d9d9a24d.jpg,,,,-1,True,data/masks_raw/train/Slice-19_png.rf.f13599edb6bd099209b65928d9d9a24d_mask.png,True
data/roboflow_coco/train/Slice-19_png.rf.f27c818ed1451a80a4480d9373d4a4bc.jpg,,,,-1,True,data/masks_raw/train/Slice-19_png.rf.f27c818ed1451a80a4480d9373d4a4bc_mask.png,True
data/roboflow_coco/train/Slice-19_png.rf.f3f17ef34cf82cb5257917b5031bf3b8.jpg,,,,-1,True,data/masks_raw/train/Slice-19_png.rf.f3f17ef34cf82cb5257917b5031bf3b8_mask.png,True
data/roboflow_coco/train/Slice-19_png.rf.f894207ba1e4b21fed2588df01f8bdbf.jpg,,,,-1,True,data/masks_raw/train/Slice-19_png.rf.f894207ba1e4b21fed2588df01f8bdbf_mask.png,True
data/roboflow_coco/train/Slice-19_png.rf.fb0b81f8ca96d9314515617828e0bfc4.jpg,,,,-1,True,data/masks_raw/train/Slice-19_png.rf.fb0b81f8ca96d9314515617828e0bfc4_mask.png,True
data/roboflow_coco/train/Slice-19_png.rf.fd80dd62b384723288e28969795ced9e.jpg,,,,-1,True,data/masks_raw/train/Slice-19_png.rf.fd80dd62b384723288e28969795ced9e_mask.png,True
data/roboflow_coco/train/Slice-20_png.rf.00abbe1dd365732a38220de85f2645c1.jpg,,,,-1,True,data/masks_raw/train/Slice-20_png.rf.00abbe1dd365732a38220de85f2645c1_mask.png,True
data/roboflow_coco/train/Slice-20_png.rf.082979db0a6bdb0e6f8b5c33e1a054a1.jpg,,,,-1,True,data/masks_raw/train/Slice-20_png.rf.082979db0a6bdb0e6f8b5c33e1a054a1_mask.png,True
data/roboflow_coco/train/Slice-20_png.rf.088686316baa1608d1e3745c47a6f88c.jpg,,,,-1,True,data/masks_raw/train/Slice-20_png.rf.088686316baa1608d1e3745c47a6f88c_mask.png,True
data/roboflow_coco/train/Slice-20_png.rf.09b38e726d515c6f04639676a03c8cd7.jpg,,,,-1,True,data/masks_raw/train/Slice-20_png.rf.09b38e726d515c6f04639676a03c8cd7_mask.png,True
data/roboflow_coco/train/Slice-20_png.rf.0a284beb315076fa7cc036bed03c02f7.jpg,,,,-1,True,data/masks_raw/train/Slice-20_png.rf.0a284beb315076fa7cc036bed03c02f7_mask.png,True
data/roboflow_coco/train/Slice-20_png.rf.0d7965acf36ff75414b3a70291e4e103.jpg,,,,-1,True,data/masks_raw/train/Slice-20_png.rf.0d7965acf36ff75414b3a70291e4e103_mask.png,True
data/roboflow_coco/train/Slice-20_png.rf.0dcbf45aa88c5de778defe9acffaf81c.jpg,,,,-1,True,data/masks_raw/train/Slice-20_png.rf.0dcbf45aa88c5de778defe9acffaf81c_mask.png,True
data/roboflow_coco/train/Slice-20_png.rf.0efd44af5db7b2524e85408c9179a560.jpg,,,,-1,True,data/masks_raw/train/Slice-20_png.rf.0efd44af5db7b2524e85408c9179a560_mask.png,True
data/roboflow_coco/train/Slice-20_png.rf.101a51b9c34fc914a448f60f8c7a0b6b.jpg,,,,-1,True,data/masks_raw/train/Slice-20_png.rf.101a51b9c34fc914a448f60f8c7a0b6b_mask.png,True
data/roboflow_coco/train/Slice-20_png.rf.1768afde3257bf6297d6e79a5cc0d49e.jpg,,,,-1,True,data/masks_raw/train/Slice-20_png.rf.1768afde3257bf6297d6e79a5cc0d49e_mask.png,True
data/roboflow_coco/train/Slice-20_png.rf.177082f0f04cb4a2535a34b736abc875.jpg,,,,-1,True,data/masks_raw/train/Slice-20_png.rf.177082f0f04cb4a2535a34b736abc875_mask.png,True
data/roboflow_coco/train/Slice-20_png.rf.1a6b9bf008bdb6a17ac7f765cad18506.jpg,,,,-1,True,data/masks_raw/train/Slice-20_png.rf.1a6b9bf008bdb6a17ac7f765cad18506_mask.png,True
data/roboflow_coco/train/Slice-20_png.rf.1ba071266719457e49482e71a8c3fa75.jpg,,,,-1,True,data/masks_raw/train/Slice-20_png.rf.1ba071266719457e49482e71a8c3fa75_mask.png,True
data/roboflow_coco/train/Slice-20_png.rf.1e694287785d1601feedebe9aec44772.jpg,,,,-1,True,data/masks_raw/train/Slice-20_png.rf.1e694287785d1601feedebe9aec44772_mask.png,True
data/roboflow_coco/train/Slice-20_png.rf.2263d2bce93fc42256587c49f6eacc6b.jpg,,,,-1,True,data/masks_raw/train/Slice-20_png.rf.2263d2bce93fc42256587c49f6eacc6b_mask.png,True
data/roboflow_coco/train/Slice-20_png.rf.26df9759098fd37c2f66fe1e1600badf.jpg,,,,-1,True,data/masks_raw/train/Slice-20_png.rf.26df9759098fd37c2f66fe1e1600badf_mask.png,True
data/roboflow_coco/train/Slice-20_png.rf.2cc2f1bc7a9003acb2c2d45e7019e8fe.jpg,,,,-1,True,data/masks_raw/train/Slice-20_png.rf.2cc2f1bc7a9003acb2c2d45e7019e8fe_mask.png,True
data/roboflow_coco/train/Slice-20_png.rf.303f6cf63b4d3d24701d8ac76b417bdf.jpg,,,,-1,True,data/masks_raw/train/Slice-20_png.rf.303f6cf63b4d3d24701d8ac76b417bdf_mask.png,True
data/roboflow_coco/train/Slice-20_png.rf.32203cd99d00c0123e7492ac4becea74.jpg,,,,-1,True,data/masks_raw/train/Slice-20_png.rf.32203cd99d00c0123e7492ac4becea74_mask.png,True
data/roboflow_coco/train/Slice-20_png.rf.3844dc02a7ee0c4edd8bfb2e2fffe755.jpg,,,,-1,True,data/masks_raw/train/Slice-20_png.rf.3844dc02a7ee0c4edd8bfb2e2fffe755_mask.png,True
data/roboflow_coco/train/Slice-20_png.rf.38e0a9a4f53dca54e6e91729385cfddb.jpg,,,,-1,True,data/masks_raw/train/Slice-20_png.rf.38e0a9a4f53dca54e6e91729385cfddb_mask.png,True
data/roboflow_coco/train/Slice-20_png.rf.39815d460331036942dea3890de8d613.jpg,,,,-1,True,data/masks_raw/train/Slice-20_png.rf.39815d460331036942dea3890de8d613_mask.png,True
data/roboflow_coco/train/Slice-20_png.rf.3b4509d0a229fbce164c0913b4da8326.jpg,,,,-1,True,data/masks_raw/train/Slice-20_png.rf.3b4509d0a229fbce164c0913b4da8326_mask.png,True
data/roboflow_coco/train/Slice-20_png.rf.3b6a9bdcf99adc938ab1f8385703f8d7.jpg,,,,-1,True,data/masks_raw/train/Slice-20_png.rf.3b6a9bdcf99adc938ab1f8385703f8d7_mask.png,True
data/roboflow_coco/train/Slice-20_png.rf.3d415e84c705693747ef483e325e0822.jpg,,,,-1,True,data/masks_raw/train/Slice-20_png.rf.3d415e84c705693747ef483e325e0822_mask.png,True
data/roboflow_coco/train/Slice-20_png.rf.42ddbd12f5cf8fa8d083afbc35e9fcf3.jpg,,,,-1,True,data/masks_raw/train/Slice-20_png.rf.42ddbd12f5cf8fa8d083afbc35e9fcf3_mask.png,True
data/roboflow_coco/train/Slice-20_png.rf.47594532d905cc4748341386714f558a.jpg,,,,-1,True,data/masks_raw/train/Slice-20_png.rf.47594532d905cc4748341386714f558a_mask.png,True
data/roboflow_coco/train/Slice-20_png.rf.4a929d96417eaeab9a7b89476c7656e8.jpg,,,,-1,True,data/masks_raw/train/Slice-20_png.rf.4a929d96417eaeab9a7b89476c7656e8_mask.png,True
data/roboflow_coco/train/Slice-20_png.rf.4d007c0ea664ee94497dd3dc4ff54fef.jpg,,,,-1,True,data/masks_raw/train/Slice-20_png.rf.4d007c0ea664ee94497dd3dc4ff54fef_mask.png,True
data/roboflow_coco/train/Slice-20_png.rf.4e3f8e05c2854335583c18c8af5b6fa7.jpg,,,,-1,True,data/masks_raw/train/Slice-20_png.rf.4e3f8e05c2854335583c18c8af5b6fa7_mask.png,True
data/roboflow_coco/train/Slice-20_png.rf.4ecb0afe02fb43855d670458379780e1.jpg,,,,-1,True,data/masks_raw/train/Slice-20_png.rf.4ecb0afe02fb43855d670458379780e1_mask.png,True
data/roboflow_coco/train/Slice-20_png.rf.4f2365497724269e0bd93fa39e48f2cd.jpg,,,,-1,True,data/masks_raw/train/Slice-20_png.rf.4f2365497724269e0bd93fa39e48f2cd_mask.png,True
data/roboflow_coco/train/Slice-20_png.rf.57ad0213275222002f40a5e8aacda2c1.jpg,,,,-1,True,data/masks_raw/train/Slice-20_png.rf.57ad0213275222002f40a5e8aacda2c1_mask.png,True
data/roboflow_coco/train/Slice-20_png.rf.5ddf214006e02a57a418e60f0e8ee592.jpg,,,,-1,True,data/masks_raw/train/Slice-20_png.rf.5ddf214006e02a57a418e60f0e8ee592_mask.png,True
data/roboflow_coco/train/Slice-20_png.rf.61a9a2aa3705832f1c37645ebe77d9ed.jpg,,,,-1,True,data/masks_raw/train/Slice-20_png.rf.61a9a2aa3705832f1c37645ebe77d9ed_mask.png,True
data/roboflow_coco/train/Slice-20_png.rf.63d4e7de18edf4b9822eaf842d081931.jpg,,,,-1,True,data/masks_raw/train/Slice-20_png.rf.63d4e7de18edf4b9822eaf842d081931_mask.png,True
data/roboflow_coco/train/Slice-20_png.rf.689639a09010e211c0a36d9724cab5a1.jpg,,,,-1,True,data/masks_raw/train/Slice-20_png.rf.689639a09010e211c0a36d9724cab5a1_mask.png,True
data/roboflow_coco/train/Slice-20_png.rf.68e998422023966aabd631b5b6520359.jpg,,,,-1,True,data/masks_raw/train/Slice-20_png.rf.68e998422023966aabd631b5b6520359_mask.png,True
data/roboflow_coco/train/Slice-20_png.rf.6d10d9e79dc6760744e5a5a6091b7708.jpg,,,,-1,True,data/masks_raw/train/Slice-20_png.rf.6d10d9e79dc6760744e5a5a6091b7708_mask.png,True
data/roboflow_coco/train/Slice-20_png.rf.728689becdd74adea91ea712fa5471ee.jpg,,,,-1,True,data/masks_raw/train/Slice-20_png.rf.728689becdd74adea91ea712fa5471ee_mask.png,True
data/roboflow_coco/train/Slice-20_png.rf.755f8406bc15cfb71734637d5aefa20a.jpg,,,,-1,True,data/masks_raw/train/Slice-20_png.rf.755f8406bc15cfb71734637d5aefa20a_mask.png,True
data/roboflow_coco/train/Slice-20_png.rf.771d046059cafb6acf9825bc242c525d.jpg,,,,-1,True,data/masks_raw/train/Slice-20_png.rf.771d046059cafb6acf9825bc242c525d_mask.png,True
data/roboflow_coco/train/Slice-20_png.rf.77737b8634368734c9434d72eaeebe90.jpg,,,,-1,True,data/masks_raw/train/Slice-20_png.rf.77737b8634368734c9434d72eaeebe90_mask.png,True
data/roboflow_coco/train/Slice-20_png.rf.779907280c0d6dea3891c9ea3288f38e.jpg,,,,-1,True,data/masks_raw/train/Slice-20_png.rf.779907280c0d6dea3891c9ea3288f38e_mask.png,True
data/roboflow_coco/train/Slice-20_png.rf.77bdd0fc6c932ca9265382ce911595ac.jpg,,,,-1,True,data/masks_raw/train/Slice-20_png.rf.77bdd0fc6c932ca9265382ce911595ac_mask.png,True
data/roboflow_coco/train/Slice-20_png.rf.78a98e1d00e030c8514aaf0a02e12ef6.jpg,,,,-1,True,data/masks_raw/train/Slice-20_png.rf.78a98e1d00e030c8514aaf0a02e12ef6_mask.png,True
data/roboflow_coco/train/Slice-20_png.rf.79acc8ce07530b69b944611e2b9708e5.jpg,,,,-1,True,data/masks_raw/train/Slice-20_png.rf.79acc8ce07530b69b944611e2b9708e5_mask.png,True
data/roboflow_coco/train/Slice-20_png.rf.7b3817a2c5d27c2cfa0ed4dad2d1af3b.jpg,,,,-1,True,data/masks_raw/train/Slice-20_png.rf.7b3817a2c5d27c2cfa0ed4dad2d1af3b_mask.png,True
data/roboflow_coco/train/Slice-20_png.rf.7d3e9d3664ea79b444198aa2c4cee094.jpg,,,,-1,True,data/masks_raw/train/Slice-20_png.rf.7d3e9d3664ea79b444198aa2c4cee094_mask.png,True
data/roboflow_coco/train/Slice-20_png.rf.89691415e29471fa41b7e761f4e12a48.jpg,,,,-1,True,data/masks_raw/train/Slice-20_png.rf.89691415e29471fa41b7e761f4e12a48_mask.png,True
data/roboflow_coco/train/Slice-20_png.rf.8b0d13418efd62a712aa334a38c75b79.jpg,,,,-1,True,data/masks_raw/train/Slice-20_png.rf.8b0d13418efd62a712aa334a38c75b79_mask.png,True
data/roboflow_coco/train/Slice-20_png.rf.8b47d2f6ac75ea903c26ef912fb556e4.jpg,,,,-1,True,data/masks_raw/train/Slice-20_png.rf.8b47d2f6ac75ea903c26ef912fb556e4_mask.png,True
data/roboflow_coco/train/Slice-20_png.rf.8c1858833a2ea0981acd7d653c757854.jpg,,,,-1,True,data/masks_raw/train/Slice-20_png.rf.8c1858833a2ea0981acd7d653c757854_mask.png,True
data/roboflow_coco/train/Slice-20_png.rf.90de98deb9900da0a1aab9da34ce7c61.jpg,,,,-1,True,data/masks_raw/train/Slice-20_png.rf.90de98deb9900da0a1aab9da34ce7c61_mask.png,True
data/roboflow_coco/train/Slice-20_png.rf.9ba871496acb5c65f61a8170ea91bdd8.jpg,,,,-1,True,data/masks_raw/train/Slice-20_png.rf.9ba871496acb5c65f61a8170ea91bdd8_mask.png,True
data/roboflow_coco/train/Slice-20_png.rf.9d0c1953d8bd7ebdb811237f52bbe251.jpg,,,,-1,True,data/masks_raw/train/Slice-20_png.rf.9d0c1953d8bd7ebdb811237f52bbe251_mask.png,True
data/roboflow_coco/train/Slice-20_png.rf.a0a8f437e6763ca6900d1066dec4c7d8.jpg,,,,-1,True,data/masks_raw/train/Slice-20_png.rf.a0a8f437e6763ca6900d1066dec4c7d8_mask.png,True
data/roboflow_coco/train/Slice-20_png.rf.a283d7d36883bf7430cbdcc21757c29e.jpg,,,,-1,True,data/masks_raw/train/Slice-20_png.rf.a283d7d36883bf7430cbdcc21757c29e_mask.png,True
data/roboflow_coco/train/Slice-20_png.rf.a49d50d445bfe79f1ad5a290a1d8867d.jpg,,,,-1,True,data/masks_raw/train/Slice-20_png.rf.a49d50d445bfe79f1ad5a290a1d8867d_mask.png,True
data/roboflow_coco/train/Slice-20_png.rf.b0b4ad96285ac04f2a21c124f3c2bc4c.jpg,,,,-1,True,data/masks_raw/train/Slice-20_png.rf.b0b4ad96285ac04f2a21c124f3c2bc4c_mask.png,True
data/roboflow_coco/train/Slice-20_png.rf.b809188b0fd9a99a59e9ba440f91c0cb.jpg,,,,-1,True,data/masks_raw/train/Slice-20_png.rf.b809188b0fd9a99a59e9ba440f91c0cb_mask.png,True
data/roboflow_coco/train/Slice-20_png.rf.b93d2edc6597f5c02cdc6dd9357308a9.jpg,,,,-1,True,data/masks_raw/train/Slice-20_png.rf.b93d2edc6597f5c02cdc6dd9357308a9_mask.png,True
data/roboflow_coco/train/Slice-20_png.rf.b982a5d8471cd8837b0a82ab1428d16f.jpg,,,,-1,True,data/masks_raw/train/Slice-20_png.rf.b982a5d8471cd8837b0a82ab1428d16f_mask.png,True
data/roboflow_coco/train/Slice-20_png.rf.b99890dd94f0d95e03dffb6b06a4c716.jpg,,,,-1,True,data/masks_raw/train/Slice-20_png.rf.b99890dd94f0d95e03dffb6b06a4c716_mask.png,True
data/roboflow_coco/train/Slice-20_png.rf.bcc21bada4e7fa2b6cb6774ff193b8be.jpg,,,,-1,True,data/masks_raw/train/Slice-20_png.rf.bcc21bada4e7fa2b6cb6774ff193b8be_mask.png,True
data/roboflow_coco/train/Slice-20_png.rf.c09d34f267a670edd4389543ef210df3.jpg,,,,-1,True,data/masks_raw/train/Slice-20_png.rf.c09d34f267a670edd4389543ef210df3_mask.png,True
data/roboflow_coco/train/Slice-20_png.rf.c0d7fa98df72527b9991ceec553f5969.jpg,,,,-1,True,data/masks_raw/train/Slice-20_png.rf.c0d7fa98df72527b9991ceec553f5969_mask.png,True
data/roboflow_coco/train/Slice-20_png.rf.c2659b3ec45b8463222c1928397f82b0.jpg,,,,-1,True,data/masks_raw/train/Slice-20_png.rf.c2659b3ec45b8463222c1928397f82b0_mask.png,True
data/roboflow_coco/train/Slice-20_png.rf.c3601695f9b81ca00d80047835ad50b4.jpg,,,,-1,True,data/masks_raw/train/Slice-20_png.rf.c3601695f9b81ca00d80047835ad50b4_mask.png,True
data/roboflow_coco/train/Slice-20_png.rf.c40e6316e02a098931b9f38d7e9fa690.jpg,,,,-1,True,data/masks_raw/train/Slice-20_png.rf.c40e6316e02a098931b9f38d7e9fa690_mask.png,True
data/roboflow_coco/train/Slice-20_png.rf.c677ad4818f39b764d5af4c24687c225.jpg,,,,-1,True,data/masks_raw/train/Slice-20_png.rf.c677ad4818f39b764d5af4c24687c225_mask.png,True
data/roboflow_coco/train/Slice-20_png.rf.d37190230ca083b1915fd8732d3088c9.jpg,,,,-1,True,data/masks_raw/train/Slice-20_png.rf.d37190230ca083b1915fd8732d3088c9_mask.png,True
data/roboflow_coco/train/Slice-20_png.rf.d89f707e7b09e75d4eb688909caefb30.jpg,,,,-1,True,data/masks_raw/train/Slice-20_png.rf.d89f707e7b09e75d4eb688909caefb30_mask.png,True
data/roboflow_coco/train/Slice-20_png.rf.df68407d48217db171fe27e5aa2eebcc.jpg,,,,-1,True,data/masks_raw/train/Slice-20_png.rf.df68407d48217db171fe27e5aa2eebcc_mask.png,True
data/roboflow_coco/train/Slice-20_png.rf.e3817b02cac58f84a1b334a0617d2682.jpg,,,,-1,True,data/masks_raw/train/Slice-20_png.rf.e3817b02cac58f84a1b334a0617d2682_mask.png,True
data/roboflow_coco/train/Slice-20_png.rf.e4d20904587d6f3cbf6ea0bfd91a24e0.jpg,,,,-1,True,data/masks_raw/train/Slice-20_png.rf.e4d20904587d6f3cbf6ea0bfd91a24e0_mask.png,True
data/roboflow_coco/train/Slice-20_png.rf.e84bfea1038ac884df307849b3bc6600.jpg,,,,-1,True,data/masks_raw/train/Slice-20_png.rf.e84bfea1038ac884df307849b3bc6600_mask.png,True
data/roboflow_coco/train/Slice-20_png.rf.f33baff9f53021b9ef1678d1e31f6da9.jpg,,,,-1,True,data/masks_raw/train/Slice-20_png.rf.f33baff9f53021b9ef1678d1e31f6da9_mask.png,True
data/roboflow_coco/train/Slice-20_png.rf.f6b34d421dec3084802c6a48ce7b36c2.jpg,,,,-1,True,data/masks_raw/train/Slice-20_png.rf.f6b34d421dec3084802c6a48ce7b36c2_mask.png,True
data/roboflow_coco/train/Slice-20_png.rf.f712e3808d07ae182b4cea02e9be3b78.jpg,,,,-1,True,data/masks_raw/train/Slice-20_png.rf.f712e3808d07ae182b4cea02e9be3b78_mask.png,True
data/roboflow_coco/train/Slice-20_png.rf.f71a1e36fcbe914f227e42525fcdf6d9.jpg,,,,-1,True,data/masks_raw/train/Slice-20_png.rf.f71a1e36fcbe914f227e42525fcdf6d9_mask.png,True
data/roboflow_coco/train/Slice-20_png.rf.f742b616ba75d0ce1b0507e3b1ea8de8.jpg,,,,-1,True,data/masks_raw/train/Slice-20_png.rf.f742b616ba75d0ce1b0507e3b1ea8de8_mask.png,True
data/roboflow_coco/train/Slice-20_png.rf.f8566a66d8ed40438a2d6d3164383f80.jpg,,,,-1,True,data/masks_raw/train/Slice-20_png.rf.f8566a66d8ed40438a2d6d3164383f80_mask.png,True
data/roboflow_coco/train/Slice-20_png.rf.fc42ad7c7bc7e1513e85d739673bd307.jpg,,,,-1,True,data/masks_raw/train/Slice-20_png.rf.fc42ad7c7bc7e1513e85d739673bd307_mask.png,True
data/roboflow_coco/train/Slice-20_png.rf.fc5626bf7bce4ca263702eda2bdef83a.jpg,,,,-1,True,data/masks_raw/train/Slice-20_png.rf.fc5626bf7bce4ca263702eda2bdef83a_mask.png,True
data/roboflow_coco/train/Slice-20_png.rf.fe817c764e280f67598cbde5908e4fef.jpg,,,,-1,True,data/masks_raw/train/Slice-20_png.rf.fe817c764e280f67598cbde5908e4fef_mask.png,True
data/roboflow_coco/train/Slice-21_png.rf.037a433c367d5008b8db1f7a23dbdeec.jpg,,,,-1,True,data/masks_raw/train/Slice-21_png.rf.037a433c367d5008b8db1f7a23dbdeec_mask.png,True
data/roboflow_coco/train/Slice-21_png.rf.05b78d7f996c9b3bff26d54ae737ceef.jpg,,,,-1,True,data/masks_raw/train/Slice-21_png.rf.05b78d7f996c9b3bff26d54ae737ceef_mask.png,True
data/roboflow_coco/train/Slice-21_png.rf.06f06187c6bdb909ad8dc058b3f20041.jpg,,,,-1,True,data/masks_raw/train/Slice-21_png.rf.06f06187c6bdb909ad8dc058b3f20041_mask.png,True
data/roboflow_coco/train/Slice-21_png.rf.0813595dab0a0b8915cf217631c5d7ec.jpg,,,,-1,True,data/masks_raw/train/Slice-21_png.rf.0813595dab0a0b8915cf217631c5d7ec_mask.png,True
data/roboflow_coco/train/Slice-21_png.rf.0a3d408b57f07fe008f4654bfc96d6ae.jpg,,,,-1,True,data/masks_raw/train/Slice-21_png.rf.0a3d408b57f07fe008f4654bfc96d6ae_mask.png,True
data/roboflow_coco/train/Slice-21_png.rf.20dbff053f4b48639a892e3d5eaf3187.jpg,,,,-1,True,data/masks_raw/train/Slice-21_png.rf.20dbff053f4b48639a892e3d5eaf3187_mask.png,True
data/roboflow_coco/train/Slice-21_png.rf.20e49b85174f2c126ee0894fd998fa94.jpg,,,,-1,True,data/masks_raw/train/Slice-21_png.rf.20e49b85174f2c126ee0894fd998fa94_mask.png,True
data/roboflow_coco/train/Slice-21_png.rf.259602c7b985f9e6c1064a1492c35707.jpg,,,,-1,True,data/masks_raw/train/Slice-21_png.rf.259602c7b985f9e6c1064a1492c35707_mask.png,True
data/roboflow_coco/train/Slice-21_png.rf.25f605a873ec639c49fb53c58b436ca8.jpg,,,,-1,True,data/masks_raw/train/Slice-21_png.rf.25f605a873ec639c49fb53c58b436ca8_mask.png,True
data/roboflow_coco/train/Slice-21_png.rf.2d5327f077d70042b4293033073b3c82.jpg,,,,-1,True,data/masks_raw/train/Slice-21_png.rf.2d5327f077d70042b4293033073b3c82_mask.png,True
data/roboflow_coco/train/Slice-21_png.rf.2dbbf532b50e89efca95467acb30f582.jpg,,,,-1,True,data/masks_raw/train/Slice-21_png.rf.2dbbf532b50e89efca95467acb30f582_mask.png,True
data/roboflow_coco/train/Slice-21_png.rf.2e92c30db3d8688fcaf878b876c72cbf.jpg,,,,-1,True,data/masks_raw/train/Slice-21_png.rf.2e92c30db3d8688fcaf878b876c72cbf_mask.png,True
data/roboflow_coco/train/Slice-21_png.rf.2f395df4a273644d538ea229c058794e.jpg,,,,-1,True,data/masks_raw/train/Slice-21_png.rf.2f395df4a273644d538ea229c058794e_mask.png,True
data/roboflow_coco/train/Slice-21_png.rf.395a12efc3346b31572825f1e44b83de.jpg,,,,-1,True,data/masks_raw/train/Slice-21_png.rf.395a12efc3346b31572825f1e44b83de_mask.png,True
data/roboflow_coco/train/Slice-21_png.rf.3db5304ce8ec1fb67eb195e64169c2d2.jpg,,,,-1,True,data/masks_raw/train/Slice-21_png.rf.3db5304ce8ec1fb67eb195e64169c2d2_mask.png,True
data/roboflow_coco/train/Slice-21_png.rf.44528741e21ac8aa2c3f5d8acc21823d.jpg,,,,-1,True,data/masks_raw/train/Slice-21_png.rf.44528741e21ac8aa2c3f5d8acc21823d_mask.png,True
data/roboflow_coco/train/Slice-21_png.rf.446fe172a8f2a6587a298d4f9ccc42b1.jpg,,,,-1,True,data/masks_raw/train/Slice-21_png.rf.446fe172a8f2a6587a298d4f9ccc42b1_mask.png,True
data/roboflow_coco/train/Slice-21_png.rf.447a05ffef05d0054390d1515c281883.jpg,,,,-1,True,data/masks_raw/train/Slice-21_png.rf.447a05ffef05d0054390d1515c281883_mask.png,True
data/roboflow_coco/train/Slice-21_png.rf.480d26ae2f8cbbff4790855903137821.jpg,,,,-1,True,data/masks_raw/train/Slice-21_png.rf.480d26ae2f8cbbff4790855903137821_mask.png,True
data/roboflow_coco/train/Slice-21_png.rf.4a636b5bb5214f657c22057b1327aca2.jpg,,,,-1,True,data/masks_raw/train/Slice-21_png.rf.4a636b5bb5214f657c22057b1327aca2_mask.png,True
data/roboflow_coco/train/Slice-21_png.rf.4f91277680be24c3dcd78a7300ee1b9b.jpg,,,,-1,True,data/masks_raw/train/Slice-21_png.rf.4f91277680be24c3dcd78a7300ee1b9b_mask.png,True
data/roboflow_coco/train/Slice-21_png.rf.50f4349be5dc9aeda6f2e593455c754e.jpg,,,,-1,True,data/masks_raw/train/Slice-21_png.rf.50f4349be5dc9aeda6f2e593455c754e_mask.png,True
data/roboflow_coco/train/Slice-21_png.rf.51570a2e23a9333aecc07a8f9d010326.jpg,,,,-1,True,data/masks_raw/train/Slice-21_png.rf.51570a2e23a9333aecc07a8f9d010326_mask.png,True
data/roboflow_coco/train/Slice-21_png.rf.52e9c7ea5544db560f3e420e4983763b.jpg,,,,-1,True,data/masks_raw/train/Slice-21_png.rf.52e9c7ea5544db560f3e420e4983763b_mask.png,True
data/roboflow_coco/train/Slice-21_png.rf.6094550a9e4aecee8bb994c27576e6c7.jpg,,,,-1,True,data/masks_raw/train/Slice-21_png.rf.6094550a9e4aecee8bb994c27576e6c7_mask.png,True
data/roboflow_coco/train/Slice-21_png.rf.62d89faa99eab7011c9819a7c467bef2.jpg,,,,-1,True,data/masks_raw/train/Slice-21_png.rf.62d89faa99eab7011c9819a7c467bef2_mask.png,True
data/roboflow_coco/train/Slice-21_png.rf.62ef0e3eb3ff18b0cf801f7bb8fe03f8.jpg,,,,-1,True,data/masks_raw/train/Slice-21_png.rf.62ef0e3eb3ff18b0cf801f7bb8fe03f8_mask.png,True
data/roboflow_coco/train/Slice-21_png.rf.66afa2c57c87d3f4eed17730c58e71db.jpg,,,,-1,True,data/masks_raw/train/Slice-21_png.rf.66afa2c57c87d3f4eed17730c58e71db_mask.png,True
data/roboflow_coco/train/Slice-21_png.rf.67ec67e7af0f22bbf09f158a958b665f.jpg,,,,-1,True,data/masks_raw/train/Slice-21_png.rf.67ec67e7af0f22bbf09f158a958b665f_mask.png,True
data/roboflow_coco/train/Slice-21_png.rf.6c639df3618b9d9594c67969a1ea5d0b.jpg,,,,-1,True,data/masks_raw/train/Slice-21_png.rf.6c639df3618b9d9594c67969a1ea5d0b_mask.png,True
data/roboflow_coco/train/Slice-21_png.rf.6e5500e14ef1663c354c9b085175dee5.jpg,,,,-1,True,data/masks_raw/train/Slice-21_png.rf.6e5500e14ef1663c354c9b085175dee5_mask.png,True
data/roboflow_coco/train/Slice-21_png.rf.6ebad92bcb3332e96e916e3d9a11ed5a.jpg,,,,-1,True,data/masks_raw/train/Slice-21_png.rf.6ebad92bcb3332e96e916e3d9a11ed5a_mask.png,True
data/roboflow_coco/train/Slice-21_png.rf.7499bfbbced9f4d7c7437343f6866c50.jpg,,,,-1,True,data/masks_raw/train/Slice-21_png.rf.7499bfbbced9f4d7c7437343f6866c50_mask.png,True
data/roboflow_coco/train/Slice-21_png.rf.7b3f8ddceefd6b546ff6491ece7ca288.jpg,,,,-1,True,data/masks_raw/train/Slice-21_png.rf.7b3f8ddceefd6b546ff6491ece7ca288_mask.png,True
data/roboflow_coco/train/Slice-21_png.rf.7c5dc5edb68d6d29657013770e5d5465.jpg,,,,-1,True,data/masks_raw/train/Slice-21_png.rf.7c5dc5edb68d6d29657013770e5d5465_mask.png,True
data/roboflow_coco/train/Slice-21_png.rf.7d26e9afd8984d451ce9c94441fc415b.jpg,,,,-1,True,data/masks_raw/train/Slice-21_png.rf.7d26e9afd8984d451ce9c94441fc415b_mask.png,True
data/roboflow_coco/train/Slice-21_png.rf.7f706919b6012051b0b37ebb849e6fdb.jpg,,,,-1,True,data/masks_raw/train/Slice-21_png.rf.7f706919b6012051b0b37ebb849e6fdb_mask.png,True
data/roboflow_coco/train/Slice-21_png.rf.81af9471515082b23dcb3e974bf3d2ed.jpg,,,,-1,True,data/masks_raw/train/Slice-21_png.rf.81af9471515082b23dcb3e974bf3d2ed_mask.png,True
data/roboflow_coco/train/Slice-21_png.rf.823a722d3a865d98e4df04d45ae9bf57.jpg,,,,-1,True,data/masks_raw/train/Slice-21_png.rf.823a722d3a865d98e4df04d45ae9bf57_mask.png,True
data/roboflow_coco/train/Slice-21_png.rf.8316f02beeb71d942944c1a4ba75093e.jpg,,,,-1,True,data/masks_raw/train/Slice-21_png.rf.8316f02beeb71d942944c1a4ba75093e_mask.png,True
data/roboflow_coco/train/Slice-21_png.rf.849bb56f3d0f2fa210691bf8dde27e86.jpg,,,,-1,True,data/masks_raw/train/Slice-21_png.rf.849bb56f3d0f2fa210691bf8dde27e86_mask.png,True
data/roboflow_coco/train/Slice-21_png.rf.8941d894ca2a0747b2977765d2abe0e4.jpg,,,,-1,True,data/masks_raw/train/Slice-21_png.rf.8941d894ca2a0747b2977765d2abe0e4_mask.png,True
data/roboflow_coco/train/Slice-21_png.rf.8c9d38bd044bf169a73d32f035ee28d1.jpg,,,,-1,True,data/masks_raw/train/Slice-21_png.rf.8c9d38bd044bf169a73d32f035ee28d1_mask.png,True
data/roboflow_coco/train/Slice-21_png.rf.8dcfcc666e2b31130e17097cf3b0658f.jpg,,,,-1,True,data/masks_raw/train/Slice-21_png.rf.8dcfcc666e2b31130e17097cf3b0658f_mask.png,True
data/roboflow_coco/train/Slice-21_png.rf.8e52bae814cff890e415daae53117dc0.jpg,,,,-1,True,data/masks_raw/train/Slice-21_png.rf.8e52bae814cff890e415daae53117dc0_mask.png,True
data/roboflow_coco/train/Slice-21_png.rf.90f957ec7c75375de057a8ea66ebfba1.jpg,,,,-1,True,data/masks_raw/train/Slice-21_png.rf.90f957ec7c75375de057a8ea66ebfba1_mask.png,True
data/roboflow_coco/train/Slice-21_png.rf.928f5ee7da5f0a8a456e437c33d67594.jpg,,,,-1,True,data/masks_raw/train/Slice-21_png.rf.928f5ee7da5f0a8a456e437c33d67594_mask.png,True
data/roboflow_coco/train/Slice-21_png.rf.92af285e7717060a66480b587d93f8ef.jpg,,,,-1,True,data/masks_raw/train/Slice-21_png.rf.92af285e7717060a66480b587d93f8ef_mask.png,True
data/roboflow_coco/train/Slice-21_png.rf.94df2f5307e1e3f248ed99984a4deef1.jpg,,,,-1,True,data/masks_raw/train/Slice-21_png.rf.94df2f5307e1e3f248ed99984a4deef1_mask.png,True
data/roboflow_coco/train/Slice-21_png.rf.9894e550f3ed8b6ba5f22c6625666a8c.jpg,,,,-1,True,data/masks_raw/train/Slice-21_png.rf.9894e550f3ed8b6ba5f22c6625666a8c_mask.png,True
data/roboflow_coco/train/Slice-21_png.rf.9ccc043db53b473c931c0e7c061ac807.jpg,,,,-1,True,data/masks_raw/train/Slice-21_png.rf.9ccc043db53b473c931c0e7c061ac807_mask.png,True
data/roboflow_coco/train/Slice-21_png.rf.9e1a390f6dbdb3dc5a201199a2ae898d.jpg,,,,-1,True,data/masks_raw/train/Slice-21_png.rf.9e1a390f6dbdb3dc5a201199a2ae898d_mask.png,True
data/roboflow_coco/train/Slice-21_png.rf.a4e05aa1f10eaaab4d022e9f6e9bf97d.jpg,,,,-1,True,data/masks_raw/train/Slice-21_png.rf.a4e05aa1f10eaaab4d022e9f6e9bf97d_mask.png,True
data/roboflow_coco/train/Slice-21_png.rf.ac96f3c0e24331d284d063717689b7f6.jpg,,,,-1,True,data/masks_raw/train/Slice-21_png.rf.ac96f3c0e24331d284d063717689b7f6_mask.png,True
data/roboflow_coco/train/Slice-21_png.rf.aecad36f085f290fe4ea73987e6c3b93.jpg,,,,-1,True,data/masks_raw/train/Slice-21_png.rf.aecad36f085f290fe4ea73987e6c3b93_mask.png,True
data/roboflow_coco/train/Slice-21_png.rf.af7d7e9aeb451a2170160da1f1432ad1.jpg,,,,-1,True,data/masks_raw/train/Slice-21_png.rf.af7d7e9aeb451a2170160da1f1432ad1_mask.png,True
data/roboflow_coco/train/Slice-21_png.rf.b512d81e33bc25cd0e0a14f49c21697e.jpg,,,,-1,True,data/masks_raw/train/Slice-21_png.rf.b512d81e33bc25cd0e0a14f49c21697e_mask.png,True
data/roboflow_coco/train/Slice-21_png.rf.c67538cc24d73db6a293da66a43cd9cb.jpg,,,,-1,True,data/masks_raw/train/Slice-21_png.rf.c67538cc24d73db6a293da66a43cd9cb_mask.png,True
data/roboflow_coco/train/Slice-21_png.rf.c6d66835899fef2b8d6847877c42494b.jpg,,,,-1,True,data/masks_raw/train/Slice-21_png.rf.c6d66835899fef2b8d6847877c42494b_mask.png,True
data/roboflow_coco/train/Slice-21_png.rf.c86fa9bc6d1ce23570c0efd3ffc425cc.jpg,,,,-1,True,data/masks_raw/train/Slice-21_png.rf.c86fa9bc6d1ce23570c0efd3ffc425cc_mask.png,True
data/roboflow_coco/train/Slice-21_png.rf.ce232dd57a35b2d36231f464b0e559ca.jpg,,,,-1,True,data/masks_raw/train/Slice-21_png.rf.ce232dd57a35b2d36231f464b0e559ca_mask.png,True
data/roboflow_coco/train/Slice-21_png.rf.d3659c3126b2b830804bee1f764dfec3.jpg,,,,-1,True,data/masks_raw/train/Slice-21_png.rf.d3659c3126b2b830804bee1f764dfec3_mask.png,True
data/roboflow_coco/train/Slice-21_png.rf.d3f3ee2c5513eacd742f30ef61a3ce56.jpg,,,,-1,True,data/masks_raw/train/Slice-21_png.rf.d3f3ee2c5513eacd742f30ef61a3ce56_mask.png,True
data/roboflow_coco/train/Slice-21_png.rf.dda747df292e4f59a844dd5cfec1a961.jpg,,,,-1,True,data/masks_raw/train/Slice-21_png.rf.dda747df292e4f59a844dd5cfec1a961_mask.png,True
data/roboflow_coco/train/Slice-21_png.rf.de2e1efc6362cecffa7790e75fd67837.jpg,,,,-1,True,data/masks_raw/train/Slice-21_png.rf.de2e1efc6362cecffa7790e75fd67837_mask.png,True
data/roboflow_coco/train/Slice-21_png.rf.e147bd9217307549172e208f7dae6c8e.jpg,,,,-1,True,data/masks_raw/train/Slice-21_png.rf.e147bd9217307549172e208f7dae6c8e_mask.png,True
data/roboflow_coco/train/Slice-21_png.rf.e3fc6c83dccef669417a2d9caf37b865.jpg,,,,-1,True,data/masks_raw/train/Slice-21_png.rf.e3fc6c83dccef669417a2d9caf37b865_mask.png,True
data/roboflow_coco/train/Slice-21_png.rf.e7cc1a027fe68c369c2fd83f7c65984a.jpg,,,,-1,True,data/masks_raw/train/Slice-21_png.rf.e7cc1a027fe68c369c2fd83f7c65984a_mask.png,True
data/roboflow_coco/train/Slice-21_png.rf.ec15910258f1bca907fa16753582befb.jpg,,,,-1,True,data/masks_raw/train/Slice-21_png.rf.ec15910258f1bca907fa16753582befb_mask.png,True
data/roboflow_coco/train/Slice-21_png.rf.f1f63c8a5b270ee17b59eed95a0b8f7f.jpg,,,,-1,True,data/masks_raw/train/Slice-21_png.rf.f1f63c8a5b270ee17b59eed95a0b8f7f_mask.png,True
data/roboflow_coco/train/Slice-21_png.rf.f35e5c7ab728d532a9755433352c34b2.jpg,,,,-1,True,data/masks_raw/train/Slice-21_png.rf.f35e5c7ab728d532a9755433352c34b2_mask.png,True
data/roboflow_coco/train/Slice-21_png.rf.f4573b2dad97f891a056236799eea705.jpg,,,,-1,True,data/masks_raw/train/Slice-21_png.rf.f4573b2dad97f891a056236799eea705_mask.png,True
data/roboflow_coco/train/Slice-21_png.rf.f5d07a2bd25ebfd49d284045f45d8d16.jpg,,,,-1,True,data/masks_raw/train/Slice-21_png.rf.f5d07a2bd25ebfd49d284045f45d8d16_mask.png,True
data/roboflow_coco/train/Slice-21_png.rf.fb97af3d6915aa12474e006d980f9f96.jpg,,,,-1,True,data/masks_raw/train/Slice-21_png.rf.fb97af3d6915aa12474e006d980f9f96_mask.png,True
data/roboflow_coco/train/Slice-21_png.rf.fcf1f4a8326200141507f54107818677.jpg,,,,-1,True,data/masks_raw/train/Slice-21_png.rf.fcf1f4a8326200141507f54107818677_mask.png,True
data/roboflow_coco/train/Slice-21_png.rf.fd983db5d42329643ecc7723cc751896.jpg,,,,-1,True,data/masks_raw/train/Slice-21_png.rf.fd983db5d42329643ecc7723cc751896_mask.png,True
data/roboflow_coco/train/Slice-22_png.rf.044d9a1307f338987d03e97798846075.jpg,,,,-1,True,data/masks_raw/train/Slice-22_png.rf.044d9a1307f338987d03e97798846075_mask.png,True
data/roboflow_coco/train/Slice-22_png.rf.0b305a747495ad9f926913cff6ab4a0c.jpg,,,,-1,True,data/masks_raw/train/Slice-22_png.rf.0b305a747495ad9f926913cff6ab4a0c_mask.png,True
data/roboflow_coco/train/Slice-22_png.rf.1135f4a74fe5b27076f8208c1b18c2f6.jpg,,,,-1,True,data/masks_raw/train/Slice-22_png.rf.1135f4a74fe5b27076f8208c1b18c2f6_mask.png,True
data/roboflow_coco/train/Slice-22_png.rf.1776ef9a0739a5348a9331d8d4c14070.jpg,,,,-1,True,data/masks_raw/train/Slice-22_png.rf.1776ef9a0739a5348a9331d8d4c14070_mask.png,True
data/roboflow_coco/train/Slice-22_png.rf.1e0da5504564e0a2b472df2acd8e89ed.jpg,,,,-1,True,data/masks_raw/train/Slice-22_png.rf.1e0da5504564e0a2b472df2acd8e89ed_mask.png,True
data/roboflow_coco/train/Slice-22_png.rf.20a8a4219c7764f11c03b9068adc8366.jpg,,,,-1,True,data/masks_raw/train/Slice-22_png.rf.20a8a4219c7764f11c03b9068adc8366_mask.png,True
data/roboflow_coco/train/Slice-22_png.rf.21f66ff7995e06866e7af76220b16cac.jpg,,,,-1,True,data/masks_raw/train/Slice-22_png.rf.21f66ff7995e06866e7af76220b16cac_mask.png,True
data/roboflow_coco/train/Slice-22_png.rf.29754b9b5b0364754999c3cd6317a6a2.jpg,,,,-1,True,data/masks_raw/train/Slice-22_png.rf.29754b9b5b0364754999c3cd6317a6a2_mask.png,True
data/roboflow_coco/train/Slice-22_png.rf.2fc01ab7160cc786427c7ef6b90d009c.jpg,,,,-1,True,data/masks_raw/train/Slice-22_png.rf.2fc01ab7160cc786427c7ef6b90d009c_mask.png,True
data/roboflow_coco/train/Slice-22_png.rf.3886ef35f9ddf21b5857519f713c0fcc.jpg,,,,-1,True,data/masks_raw/train/Slice-22_png.rf.3886ef35f9ddf21b5857519f713c0fcc_mask.png,True
data/roboflow_coco/train/Slice-22_png.rf.3a3070df456b3f60d2bf7e7feaf23d8c.jpg,,,,-1,True,data/masks_raw/train/Slice-22_png.rf.3a3070df456b3f60d2bf7e7feaf23d8c_mask.png,True
data/roboflow_coco/train/Slice-22_png.rf.3a34a5977fcaf86d799608b6b857bdec.jpg,,,,-1,True,data/masks_raw/train/Slice-22_png.rf.3a34a5977fcaf86d799608b6b857bdec_mask.png,True
data/roboflow_coco/train/Slice-22_png.rf.407807d01d9d59b01160ac6d4624c7e9.jpg,,,,-1,True,data/masks_raw/train/Slice-22_png.rf.407807d01d9d59b01160ac6d4624c7e9_mask.png,True
data/roboflow_coco/train/Slice-22_png.rf.497ea3637ccee2947ce9781ea669adf9.jpg,,,,-1,True,data/masks_raw/train/Slice-22_png.rf.497ea3637ccee2947ce9781ea669adf9_mask.png,True
data/roboflow_coco/train/Slice-22_png.rf.49ed06683f0d581220d748c6eef04acc.jpg,,,,-1,True,data/masks_raw/train/Slice-22_png.rf.49ed06683f0d581220d748c6eef04acc_mask.png,True
data/roboflow_coco/train/Slice-22_png.rf.500cb818dc191c4dd64db146eff70d73.jpg,,,,-1,True,data/masks_raw/train/Slice-22_png.rf.500cb818dc191c4dd64db146eff70d73_mask.png,True
data/roboflow_coco/train/Slice-22_png.rf.523a23177448276ef27323f1562c656e.jpg,,,,-1,True,data/masks_raw/train/Slice-22_png.rf.523a23177448276ef27323f1562c656e_mask.png,True
data/roboflow_coco/train/Slice-22_png.rf.570c6243b1c7a1f4e1863a7b6120897a.jpg,,,,-1,True,data/masks_raw/train/Slice-22_png.rf.570c6243b1c7a1f4e1863a7b6120897a_mask.png,True
data/roboflow_coco/train/Slice-22_png.rf.57f5d5bc7d62b4b407900563077db3c1.jpg,,,,-1,True,data/masks_raw/train/Slice-22_png.rf.57f5d5bc7d62b4b407900563077db3c1_mask.png,True
data/roboflow_coco/train/Slice-22_png.rf.5c88da6c2a34ee3486ecf82ded042c3d.jpg,,,,-1,True,data/masks_raw/train/Slice-22_png.rf.5c88da6c2a34ee3486ecf82ded042c3d_mask.png,True
data/roboflow_coco/train/Slice-22_png.rf.5d2527ba4903ca340415be2cad446e99.jpg,,,,-1,True,data/masks_raw/train/Slice-22_png.rf.5d2527ba4903ca340415be2cad446e99_mask.png,True
data/roboflow_coco/train/Slice-22_png.rf.5d5bd65fa7af3f683bbef6a929ef8fb9.jpg,,,,-1,True,data/masks_raw/train/Slice-22_png.rf.5d5bd65fa7af3f683bbef6a929ef8fb9_mask.png,True
data/roboflow_coco/train/Slice-22_png.rf.5e6a3e6b9cf4302b8f16effc01bdf842.jpg,,,,-1,True,data/masks_raw/train/Slice-22_png.rf.5e6a3e6b9cf4302b8f16effc01bdf842_mask.png,True
data/roboflow_coco/train/Slice-22_png.rf.61b953a3bbc99c45eb2375fdc3b43f40.jpg,,,,-1,True,data/masks_raw/train/Slice-22_png.rf.61b953a3bbc99c45eb2375fdc3b43f40_mask.png,True
data/roboflow_coco/train/Slice-22_png.rf.69a31045f839ba361c9a1fae1a26ff3b.jpg,,,,-1,True,data/masks_raw/train/Slice-22_png.rf.69a31045f839ba361c9a1fae1a26ff3b_mask.png,True
data/roboflow_coco/train/Slice-22_png.rf.6cabad2339323f64c76867db9d9e0989.jpg,,,,-1,True,data/masks_raw/train/Slice-22_png.rf.6cabad2339323f64c76867db9d9e0989_mask.png,True
data/roboflow_coco/train/Slice-22_png.rf.6fde5fa1edd0c034508c85797111829b.jpg,,,,-1,True,data/masks_raw/train/Slice-22_png.rf.6fde5fa1edd0c034508c85797111829b_mask.png,True
data/roboflow_coco/train/Slice-22_png.rf.7e66de7f52da15d8aa5ae6c788537cd6.jpg,,,,-1,True,data/masks_raw/train/Slice-22_png.rf.7e66de7f52da15d8aa5ae6c788537cd6_mask.png,True
data/roboflow_coco/train/Slice-22_png.rf.84a1a27d41d63eec29976cde9c609951.jpg,,,,-1,True,data/masks_raw/train/Slice-22_png.rf.84a1a27d41d63eec29976cde9c609951_mask.png,True
data/roboflow_coco/train/Slice-22_png.rf.85eaf650e24e052b448266a8d0a4e100.jpg,,,,-1,True,data/masks_raw/train/Slice-22_png.rf.85eaf650e24e052b448266a8d0a4e100_mask.png,True
data/roboflow_coco/train/Slice-22_png.rf.94bba2b3fd6a927c30f5c0d32c40152e.jpg,,,,-1,True,data/masks_raw/train/Slice-22_png.rf.94bba2b3fd6a927c30f5c0d32c40152e_mask.png,True
data/roboflow_coco/train/Slice-22_png.rf.993d1b67abbbcb5b9fcede40c1230526.jpg,,,,-1,True,data/masks_raw/train/Slice-22_png.rf.993d1b67abbbcb5b9fcede40c1230526_mask.png,True
data/roboflow_coco/train/Slice-22_png.rf.99b6c49190d984efb70a45d2598b0d71.jpg,,,,-1,True,data/masks_raw/train/Slice-22_png.rf.99b6c49190d984efb70a45d2598b0d71_mask.png,True
data/roboflow_coco/train/Slice-22_png.rf.9c8b1a958b78498a66077c5df751be21.jpg,,,,-1,True,data/masks_raw/train/Slice-22_png.rf.9c8b1a958b78498a66077c5df751be21_mask.png,True
data/roboflow_coco/train/Slice-22_png.rf.9e4b7b7529cb46e822946ebcab5a9130.jpg,,,,-1,True,data/masks_raw/train/Slice-22_png.rf.9e4b7b7529cb46e822946ebcab5a9130_mask.png,True
data/roboflow_coco/train/Slice-22_png.rf.a1e9cb400e475db7ed6d4b0ca09e2e85.jpg,,,,-1,True,data/masks_raw/train/Slice-22_png.rf.a1e9cb400e475db7ed6d4b0ca09e2e85_mask.png,True
data/roboflow_coco/train/Slice-22_png.rf.a6532d1597390e952def114675969f69.jpg,,,,-1,True,data/masks_raw/train/Slice-22_png.rf.a6532d1597390e952def114675969f69_mask.png,True
data/roboflow_coco/train/Slice-22_png.rf.aaf096fc688fae385702b834ec519c57.jpg,,,,-1,True,data/masks_raw/train/Slice-22_png.rf.aaf096fc688fae385702b834ec519c57_mask.png,True
data/roboflow_coco/train/Slice-22_png.rf.ac88c7b615f2ad115bb0379ab623c359.jpg,,,,-1,True,data/masks_raw/train/Slice-22_png.rf.ac88c7b615f2ad115bb0379ab623c359_mask.png,True
data/roboflow_coco/train/Slice-22_png.rf.b1911402032e73c4708baaa23c8b7945.jpg,,,,-1,True,data/masks_raw/train/Slice-22_png.rf.b1911402032e73c4708baaa23c8b7945_mask.png,True
data/roboflow_coco/train/Slice-22_png.rf.b1bf19a397b4e4741d0fad790ce85bae.jpg,,,,-1,True,data/masks_raw/train/Slice-22_png.rf.b1bf19a397b4e4741d0fad790ce85bae_mask.png,True
data/roboflow_coco/train/Slice-22_png.rf.b522e261f71ddf36458396850444b88c.jpg,,,,-1,True,data/masks_raw/train/Slice-22_png.rf.b522e261f71ddf36458396850444b88c_mask.png,True
data/roboflow_coco/train/Slice-22_png.rf.b76ea6cc94023664adc439ab06073b4f.jpg,,,,-1,True,data/masks_raw/train/Slice-22_png.rf.b76ea6cc94023664adc439ab06073b4f_mask.png,True
data/roboflow_coco/train/Slice-22_png.rf.b79064126f4ea3f6ddeaac602cc8ff71.jpg,,,,-1,True,data/masks_raw/train/Slice-22_png.rf.b79064126f4ea3f6ddeaac602cc8ff71_mask.png,True
data/roboflow_coco/train/Slice-22_png.rf.b8742191dadd280066319b10598df647.jpg,,,,-1,True,data/masks_raw/train/Slice-22_png.rf.b8742191dadd280066319b10598df647_mask.png,True
data/roboflow_coco/train/Slice-22_png.rf.b9d4e4a673ffe14db09882fd48e29c40.jpg,,,,-1,True,data/masks_raw/train/Slice-22_png.rf.b9d4e4a673ffe14db09882fd48e29c40_mask.png,True
data/roboflow_coco/train/Slice-22_png.rf.bd387754a488293892b19bc92912d3f2.jpg,,,,-1,True,data/masks_raw/train/Slice-22_png.rf.bd387754a488293892b19bc92912d3f2_mask.png,True
data/roboflow_coco/train/Slice-22_png.rf.ca1b29e7302537e9a49e5ce1a50cc3e6.jpg,,,,-1,True,data/masks_raw/train/Slice-22_png.rf.ca1b29e7302537e9a49e5ce1a50cc3e6_mask.png,True
data/roboflow_coco/train/Slice-22_png.rf.cc4278c5fd4dcd88a108de480ac39bf0.jpg,,,,-1,True,data/masks_raw/train/Slice-22_png.rf.cc4278c5fd4dcd88a108de480ac39bf0_mask.png,True
data/roboflow_coco/train/Slice-22_png.rf.cf233ab2bdc42c54fc4afd5bae886cde.jpg,,,,-1,True,data/masks_raw/train/Slice-22_png.rf.cf233ab2bdc42c54fc4afd5bae886cde_mask.png,True
data/roboflow_coco/train/Slice-22_png.rf.d0316946cf6dbc928bb4be4b31de3834.jpg,,,,-1,True,data/masks_raw/train/Slice-22_png.rf.d0316946cf6dbc928bb4be4b31de3834_mask.png,True
data/roboflow_coco/train/Slice-22_png.rf.d482d742f57c5ccec527b7ba60ef2621.jpg,,,,-1,True,data/masks_raw/train/Slice-22_png.rf.d482d742f57c5ccec527b7ba60ef2621_mask.png,True
data/roboflow_coco/train/Slice-22_png.rf.d5796e90818ed33806029cb0dbe6e5b1.jpg,,,,-1,True,data/masks_raw/train/Slice-22_png.rf.d5796e90818ed33806029cb0dbe6e5b1_mask.png,True
data/roboflow_coco/train/Slice-22_png.rf.d60fd3dd7553fcea23a47a8b6fb15c8d.jpg,,,,-1,True,data/masks_raw/train/Slice-22_png.rf.d60fd3dd7553fcea23a47a8b6fb15c8d_mask.png,True
data/roboflow_coco/train/Slice-22_png.rf.d7a768854825eac3faa43ce3e37f7560.jpg,,,,-1,True,data/masks_raw/train/Slice-22_png.rf.d7a768854825eac3faa43ce3e37f7560_mask.png,True
data/roboflow_coco/train/Slice-22_png.rf.de94d429f7f71863a0f8aa073f0f42bd.jpg,,,,-1,True,data/masks_raw/train/Slice-22_png.rf.de94d429f7f71863a0f8aa073f0f42bd_mask.png,True
data/roboflow_coco/train/Slice-22_png.rf.e1c61ddde72c2e6cb79e10ab76cb440a.jpg,,,,-1,True,data/masks_raw/train/Slice-22_png.rf.e1c61ddde72c2e6cb79e10ab76cb440a_mask.png,True
data/roboflow_coco/train/Slice-22_png.rf.e1d0e06a67c480923847f3c8e1db6905.jpg,,,,-1,True,data/masks_raw/train/Slice-22_png.rf.e1d0e06a67c480923847f3c8e1db6905_mask.png,True
data/roboflow_coco/train/Slice-22_png.rf.e52ff66c7f21309cafc8b3b957a888d7.jpg,,,,-1,True,data/masks_raw/train/Slice-22_png.rf.e52ff66c7f21309cafc8b3b957a888d7_mask.png,True
data/roboflow_coco/train/Slice-22_png.rf.e5df50127460e4c577ccd94584135019.jpg,,,,-1,True,data/masks_raw/train/Slice-22_png.rf.e5df50127460e4c577ccd94584135019_mask.png,True
data/roboflow_coco/train/Slice-22_png.rf.ea10a02c92b70c1e3c5e7002dc165863.jpg,,,,-1,True,data/masks_raw/train/Slice-22_png.rf.ea10a02c92b70c1e3c5e7002dc165863_mask.png,True
data/roboflow_coco/train/Slice-22_png.rf.ee5d01c701381b014c861fd411080eab.jpg,,,,-1,True,data/masks_raw/train/Slice-22_png.rf.ee5d01c701381b014c861fd411080eab_mask.png,True
data/roboflow_coco/train/Slice-22_png.rf.f5656ffc2f476f83dbeae661d6612f9e.jpg,,,,-1,True,data/masks_raw/train/Slice-22_png.rf.f5656ffc2f476f83dbeae661d6612f9e_mask.png,True
data/roboflow_coco/train/Slice-22_png.rf.f6984649911d8b2fd38ab9cd4b92fc2d.jpg,,,,-1,True,data/masks_raw/train/Slice-22_png.rf.f6984649911d8b2fd38ab9cd4b92fc2d_mask.png,True
data/roboflow_coco/train/Slice-22_png.rf.f6de9865010a8a44e9954cfbaf65a0c1.jpg,,,,-1,True,data/masks_raw/train/Slice-22_png.rf.f6de9865010a8a44e9954cfbaf65a0c1_mask.png,True
data/roboflow_coco/train/Slice-22_png.rf.f9b000302810fa7224c16018f9f26361.jpg,,,,-1,True,data/masks_raw/train/Slice-22_png.rf.f9b000302810fa7224c16018f9f26361_mask.png,True
data/roboflow_coco/train/Slice-23_png.rf.02d3a46e04b32a5a58e35e13e7a5d404.jpg,,,,-1,True,data/masks_raw/train/Slice-23_png.rf.02d3a46e04b32a5a58e35e13e7a5d404_mask.png,True
data/roboflow_coco/train/Slice-23_png.rf.099d2c235798a9b137b5ecd1aaec6097.jpg,,,,-1,True,data/masks_raw/train/Slice-23_png.rf.099d2c235798a9b137b5ecd1aaec6097_mask.png,True
data/roboflow_coco/train/Slice-23_png.rf.1470ec9e5650ce43fca591ca428c0374.jpg,,,,-1,True,data/masks_raw/train/Slice-23_png.rf.1470ec9e5650ce43fca591ca428c0374_mask.png,True
data/roboflow_coco/train/Slice-23_png.rf.29f23f9cdb4b7922442e384af1b16ff8.jpg,,,,-1,True,data/masks_raw/train/Slice-23_png.rf.29f23f9cdb4b7922442e384af1b16ff8_mask.png,True
data/roboflow_coco/train/Slice-23_png.rf.36e9949cdeef1a36e508c2e9571a464e.jpg,,,,-1,True,data/masks_raw/train/Slice-23_png.rf.36e9949cdeef1a36e508c2e9571a464e_mask.png,True
data/roboflow_coco/train/Slice-23_png.rf.4e1bfee32cb0ce586fdf94942dc5c17a.jpg,,,,-1,True,data/masks_raw/train/Slice-23_png.rf.4e1bfee32cb0ce586fdf94942dc5c17a_mask.png,True
data/roboflow_coco/train/Slice-23_png.rf.4f07113274b012f7622584053aa874a2.jpg,,,,-1,True,data/masks_raw/train/Slice-23_png.rf.4f07113274b012f7622584053aa874a2_mask.png,True
data/roboflow_coco/train/Slice-23_png.rf.4fb2178223a78bda3804c27f2651a563.jpg,,,,-1,True,data/masks_raw/train/Slice-23_png.rf.4fb2178223a78bda3804c27f2651a563_mask.png,True
data/roboflow_coco/train/Slice-23_png.rf.532e4fa8be257fe495f6c7aa2ee62bb0.jpg,,,,-1,True,data/masks_raw/train/Slice-23_png.rf.532e4fa8be257fe495f6c7aa2ee62bb0_mask.png,True
data/roboflow_coco/train/Slice-23_png.rf.5782ca63c301358b16e719e18a4d7914.jpg,,,,-1,True,data/masks_raw/train/Slice-23_png.rf.5782ca63c301358b16e719e18a4d7914_mask.png,True
data/roboflow_coco/train/Slice-23_png.rf.5799d36256c34b6799fd7437258e3fc5.jpg,,,,-1,True,data/masks_raw/train/Slice-23_png.rf.5799d36256c34b6799fd7437258e3fc5_mask.png,True
data/roboflow_coco/train/Slice-23_png.rf.5936a76f4520211271c311e67d0cbd1d.jpg,,,,-1,True,data/masks_raw/train/Slice-23_png.rf.5936a76f4520211271c311e67d0cbd1d_mask.png,True
data/roboflow_coco/train/Slice-23_png.rf.5b35b81089a6084573c925fbdf97a86b.jpg,,,,-1,True,data/masks_raw/train/Slice-23_png.rf.5b35b81089a6084573c925fbdf97a86b_mask.png,True
data/roboflow_coco/train/Slice-23_png.rf.6d060d4a8249b1488397a275d4299f60.jpg,,,,-1,True,data/masks_raw/train/Slice-23_png.rf.6d060d4a8249b1488397a275d4299f60_mask.png,True
data/roboflow_coco/train/Slice-23_png.rf.6f812ccffe54387ae4d27c8e82e83cd5.jpg,,,,-1,True,data/masks_raw/train/Slice-23_png.rf.6f812ccffe54387ae4d27c8e82e83cd5_mask.png,True
data/roboflow_coco/train/Slice-23_png.rf.718e8872ec1457cf4c3201c88d202b4b.jpg,,,,-1,True,data/masks_raw/train/Slice-23_png.rf.718e8872ec1457cf4c3201c88d202b4b_mask.png,True
data/roboflow_coco/train/Slice-23_png.rf.7403fb359e6e0420bde0ff099b9acc63.jpg,,,,-1,True,data/masks_raw/train/Slice-23_png.rf.7403fb359e6e0420bde0ff099b9acc63_mask.png,True
data/roboflow_coco/train/Slice-23_png.rf.7472a3971075d2cabc33f8649c977ab0.jpg,,,,-1,True,data/masks_raw/train/Slice-23_png.rf.7472a3971075d2cabc33f8649c977ab0_mask.png,True
data/roboflow_coco/train/Slice-23_png.rf.74d03de85d8a3eea93025fe12067590f.jpg,,,,-1,True,data/masks_raw/train/Slice-23_png.rf.74d03de85d8a3eea93025fe12067590f_mask.png,True
data/roboflow_coco/train/Slice-23_png.rf.75ecc773e90fd0468c13dc14b00ceb89.jpg,,,,-1,True,data/masks_raw/train/Slice-23_png.rf.75ecc773e90fd0468c13dc14b00ceb89_mask.png,True
data/roboflow_coco/train/Slice-23_png.rf.7a057ecdfd7ab4128181181336bc36a1.jpg,,,,-1,True,data/masks_raw/train/Slice-23_png.rf.7a057ecdfd7ab4128181181336bc36a1_mask.png,True
data/roboflow_coco/train/Slice-23_png.rf.7b341dcd2742b3116803ea7ab76e814f.jpg,,,,-1,True,data/masks_raw/train/Slice-23_png.rf.7b341dcd2742b3116803ea7ab76e814f_mask.png,True
data/roboflow_coco/train/Slice-23_png.rf.817b9fb0a0a504622277c6ff9658845e.jpg,,,,-1,True,data/masks_raw/train/Slice-23_png.rf.817b9fb0a0a504622277c6ff9658845e_mask.png,True
data/roboflow_coco/train/Slice-23_png.rf.88595e588ddc56a9ec728483d45f5822.jpg,,,,-1,True,data/masks_raw/train/Slice-23_png.rf.88595e588ddc56a9ec728483d45f5822_mask.png,True
data/roboflow_coco/train/Slice-23_png.rf.8decf73ebbe7f30c786fffd53c698031.jpg,,,,-1,True,data/masks_raw/train/Slice-23_png.rf.8decf73ebbe7f30c786fffd53c698031_mask.png,True
data/roboflow_coco/train/Slice-23_png.rf.964f2666ea0463317c9c8fcdae26b3b8.jpg,,,,-1,True,data/masks_raw/train/Slice-23_png.rf.964f2666ea0463317c9c8fcdae26b3b8_mask.png,True
data/roboflow_coco/train/Slice-23_png.rf.978d957adbf28b67c62067d21348824d.jpg,,,,-1,True,data/masks_raw/train/Slice-23_png.rf.978d957adbf28b67c62067d21348824d_mask.png,True
data/roboflow_coco/train/Slice-23_png.rf.9d573416d6f94568c1c53cb7684699c5.jpg,,,,-1,True,data/masks_raw/train/Slice-23_png.rf.9d573416d6f94568c1c53cb7684699c5_mask.png,True
data/roboflow_coco/train/Slice-23_png.rf.a241704046bacf27c88ab21bfa402a0f.jpg,,,,-1,True,data/masks_raw/train/Slice-23_png.rf.a241704046bacf27c88ab21bfa402a0f_mask.png,True
data/roboflow_coco/train/Slice-23_png.rf.a733f96cadeed429c9e34857b49a5e05.jpg,,,,-1,True,data/masks_raw/train/Slice-23_png.rf.a733f96cadeed429c9e34857b49a5e05_mask.png,True
data/roboflow_coco/train/Slice-23_png.rf.a9fd4ea05bf20d26f096de3198434b8d.jpg,,,,-1,True,data/masks_raw/train/Slice-23_png.rf.a9fd4ea05bf20d26f096de3198434b8d_mask.png,True
data/roboflow_coco/train/Slice-23_png.rf.b4070fe2e9153f244bb74ec23538dbdf.jpg,,,,-1,True,data/masks_raw/train/Slice-23_png.rf.b4070fe2e9153f244bb74ec23538dbdf_mask.png,True
data/roboflow_coco/train/Slice-23_png.rf.b5d2d6a8fd2d397c0d9de93f6d7cf471.jpg,,,,-1,True,data/masks_raw/train/Slice-23_png.rf.b5d2d6a8fd2d397c0d9de93f6d7cf471_mask.png,True
data/roboflow_coco/train/Slice-23_png.rf.ce375d36ce510f26e0565a6d72968bb9.jpg,,,,-1,True,data/masks_raw/train/Slice-23_png.rf.ce375d36ce510f26e0565a6d72968bb9_mask.png,True
data/roboflow_coco/train/Slice-23_png.rf.da4c6df0563e474f67f7f33d12d420e7.jpg,,,,-1,True,data/masks_raw/train/Slice-23_png.rf.da4c6df0563e474f67f7f33d12d420e7_mask.png,True
data/roboflow_coco/train/Slice-23_png.rf.f660ffad94a35fb4525695d825f89851.jpg,,,,-1,True,data/masks_raw/train/Slice-23_png.rf.f660ffad94a35fb4525695d825f89851_mask.png,True
data/roboflow_coco/train/Slice-24_png.rf.253ab13a138302b55e707f9bf4218de2.jpg,,,,-1,True,data/masks_raw/train/Slice-24_png.rf.253ab13a138302b55e707f9bf4218de2_mask.png,True
data/roboflow_coco/train/Slice-24_png.rf.3796cb19e23942e158ede2223d4bd10e.jpg,,,,-1,True,data/masks_raw/train/Slice-24_png.rf.3796cb19e23942e158ede2223d4bd10e_mask.png,True
data/roboflow_coco/train/Slice-24_png.rf.4202be5e4f0c4549bf8a19b1a3c605d3.jpg,,,,-1,True,data/masks_raw/train/Slice-24_png.rf.4202be5e4f0c4549bf8a19b1a3c605d3_mask.png,True
data/roboflow_coco/train/Slice-24_png.rf.44ec1fc64595c2604a96a8232da96571.jpg,,,,-1,True,data/masks_raw/train/Slice-24_png.rf.44ec1fc64595c2604a96a8232da96571_mask.png,True
data/roboflow_coco/train/Slice-24_png.rf.5751a1855a818530e296fc861ce49b4a.jpg,,,,-1,True,data/masks_raw/train/Slice-24_png.rf.5751a1855a818530e296fc861ce49b4a_mask.png,True
data/roboflow_coco/train/Slice-24_png.rf.617d2ba2028169d523c825f6447a6db2.jpg,,,,-1,True,data/masks_raw/train/Slice-24_png.rf.617d2ba2028169d523c825f6447a6db2_mask.png,True
data/roboflow_coco/train/Slice-24_png.rf.6337194c246b1535841c1f50b2ed7968.jpg,,,,-1,True,data/masks_raw/train/Slice-24_png.rf.6337194c246b1535841c1f50b2ed7968_mask.png,True
data/roboflow_coco/train/Slice-24_png.rf.789bf7bce5a059c031af9009b42c7e38.jpg,,,,-1,True,data/masks_raw/train/Slice-24_png.rf.789bf7bce5a059c031af9009b42c7e38_mask.png,True
data/roboflow_coco/train/Slice-24_png.rf.89245bf1fdd0e512d7e42fca7f5de0c4.jpg,,,,-1,True,data/masks_raw/train/Slice-24_png.rf.89245bf1fdd0e512d7e42fca7f5de0c4_mask.png,True
data/roboflow_coco/train/Slice-24_png.rf.8c833c4bef52b6c146529c2877267e14.jpg,,,,-1,True,data/masks_raw/train/Slice-24_png.rf.8c833c4bef52b6c146529c2877267e14_mask.png,True
data/roboflow_coco/train/Slice-24_png.rf.abd35965847dfed1c28800b67de0444a.jpg,,,,-1,True,data/masks_raw/train/Slice-24_png.rf.abd35965847dfed1c28800b67de0444a_mask.png,True
data/roboflow_coco/train/Slice-24_png.rf.ba9443b874224c56786bbb7e73ab2f10.jpg,,,,-1,True,data/masks_raw/train/Slice-24_png.rf.ba9443b874224c56786bbb7e73ab2f10_mask.png,True
data/roboflow_coco/train/Slice-24_png.rf.c7c25fbc3e41039fb24f0a68a0e1e7ba.jpg,,,,-1,True,data/masks_raw/train/Slice-24_png.rf.c7c25fbc3e41039fb24f0a68a0e1e7ba_mask.png,True
data/roboflow_coco/train/Slice-24_png.rf.e43f2da25fdcf11817289f589de200e2.jpg,,,,-1,True,data/masks_raw/train/Slice-24_png.rf.e43f2da25fdcf11817289f589de200e2_mask.png,True
data/roboflow_coco/train/Slice-24_png.rf.f49bfeb27838682f10c47cc13cca4cab.jpg,,,,-1,True,data/masks_raw/train/Slice-24_png.rf.f49bfeb27838682f10c47cc13cca4cab_mask.png,True
data/roboflow_coco/train/Slice-24_png.rf.f796e2473bced73f6a27bda7e453d900.jpg,,,,-1,True,data/masks_raw/train/Slice-24_png.rf.f796e2473bced73f6a27bda7e453d900_mask.png,True
data/roboflow_coco/train/Slice-25_png.rf.ba841684b9d38dbd2da0a706b18649ac.jpg,,,,-1,True,data/masks_raw/train/Slice-25_png.rf.ba841684b9d38dbd2da0a706b18649ac_mask.png,True
data/roboflow_coco/train/Slice-25_png.rf.da91b98c30f385d5a6c08073de337205.jpg,,,,-1,True,data/masks_raw/train/Slice-25_png.rf.da91b98c30f385d5a6c08073de337205_mask.png,True
data/roboflow_coco/train/Slide-14_png.rf.690bee4d0b0c7ac4a00aee22e8824635.jpg,,,,-1,True,data/masks_raw/train/Slide-14_png.rf.690bee4d0b0c7ac4a00aee22e8824635_mask.png,True
data/roboflow_coco/train/Slide-17_png.rf.c7e74ff14d50bdf95a9ce157349e88a0.jpg,,,,-1,True,data/masks_raw/train/Slide-17_png.rf.c7e74ff14d50bdf95a9ce157349e88a0_mask.png,True
data/roboflow_coco/train/Slide-18_png.rf.24610b6a33a270531288dcd10b55ca75.jpg,,,,-1,True,data/masks_raw/train/Slide-18_png.rf.24610b6a33a270531288dcd10b55ca75_mask.png,True
data/roboflow_coco/train/Slide-18_png.rf.794b307be71798df725b1bf894962d52.jpg,,,,-1,True,data/masks_raw/train/Slide-18_png.rf.794b307be71798df725b1bf894962d52_mask.png,True
data/roboflow_coco/train/Slide-19_png.rf.08d53b508f62fbca1125642d8e8468d4.jpg,,,,-1,True,data/masks_raw/train/Slide-19_png.rf.08d53b508f62fbca1125642d8e8468d4_mask.png,True
data/roboflow_coco/train/Slide-20_png.rf.a28ffc789fd51356dbcf2ebb5e45bb49.jpg,,,,-1,True,data/masks_raw/train/Slide-20_png.rf.a28ffc789fd51356dbcf2ebb5e45bb49_mask.png,True
